Input = ,20,,,,,,,,,,,,,,,,,,,,,,,,,,,,,,,,,,,,,,,,,,,,,,,,,,,,,,,,,,,,,,,,,,,,,,,,,,,
Output = ,0,,,,,,,,,,,,,,,,,,,,,,,,,,,,,,,,,,,,,,,,,,,,,,,,,,,,,,,,,,,,,,,,,,,,,,,,,,,
,,,,,,,,,,,,,,,,,,,,,,,,,,,,,,,,,,,,,,,,,,,,,,,,,,,,,,,,,,,,,,,,,,,,,,,,,,,,
,,,,,,,,,,,,,,,,,,,,,,,,,,,,,,,,,,,,,,,,,,,,,,,,,,,,,,,,,,,,,,,,,,,,,,,,,,,,
,1.60976504,1.57122047,1.527619296,1.480187331,1.430084513,1.378246307,1.325404338,1.27213087,1.218876766,1.165999802,1.113785254,1.062460966,1.012208562,0.96317195,0.915463913,0.869171293,0.824359159,0.781074194,0.739347491,0.699196888,0.660628938,0.623640591,0.588220631,0.55435092,0.52200748,0.491161436,0.461779838,0.433826394,0.407262097,0.382045796,0.358134688,0.335484752,0.314051137,0.293788499,0.274651296,0.256594052,0.239571578,0.223539176,0.208452802,0.194269217,0.180946111,0.168442207,0.156717349,0.145732576,0.135450178,0.125833745,0.116848198,0.108459819,0.100636263,0.09334657,0.086561167,0.080251865,0.074391849,0.068955669,0.063919225,0.059259744,0.054955765,0.050987116,0.047334891,0.043981424,0.040910269,0.038106177,0.035555067,0.033244011,0.03116121,0.029295973,0.027638701,0.02618087,0.024915017,0.023834729,0.02293463,0.022210378,0.021658658,0.02127718,0.021064679,0.021020922
,1.623304178,01.58,01.54,01.49,01.44,01.39,01.33,01.28,01.23,01.17,01.12,01.07,01.02,00.97,00.92,00.87,00.83,00.78,00.74,00.70,00.66,00.63,00.59,00.56,00.52,00.49,00.46,00.44,00.41,00.38,00.36,00.34,00.32,00.30,00.28,00.26,00.24,00.22,00.21,00.20,00.18,00.17,00.16,00.15,00.14,00.13,00.12,00.11,00.10,00.09,00.09,00.08,00.07,00.07,00.06,00.06,00.06,00.05,00.05,00.04,00.04,00.04,00.04,00.03,00.03,00.03,00.03,00.03,00.03,00.02,00.02,00.02,00.02,00.02,00.02,00.02
,1.656580121,01.61,01.56,01.51,01.46,01.40,01.35,01.29,01.24,01.18,01.13,01.08,01.03,00.98,00.93,00.88,00.84,00.79,00.75,00.71,00.67,00.63,00.60,00.56,00.53,00.50,00.47,00.44,00.41,00.39,00.36,00.34,00.32,00.30,00.28,00.26,00.24,00.23,00.21,00.20,00.18,00.17,00.16,00.15,00.14,00.13,00.12,00.11,00.10,00.09,00.09,00.08,00.08,00.07,00.06,00.06,00.06,00.05,00.05,00.04,00.04,00.04,00.04,00.03,00.03,00.03,00.03,00.03,00.03,00.02,00.02,00.02,00.02,00.02,00.02,00.02
,1.703285594,01.65,01.60,01.54,01.49,01.43,01.37,01.32,01.26,01.20,01.15,01.10,01.04,00.99,00.94,00.89,00.85,00.80,00.76,00.72,00.68,00.64,00.60,00.57,00.54,00.51,00.47,00.45,00.42,00.39,00.37,00.34,00.32,00.30,00.28,00.26,00.25,00.23,00.21,00.20,00.19,00.17,00.16,00.15,00.14,00.13,00.12,00.11,00.10,00.10,00.09,00.08,00.08,00.07,00.07,00.06,00.06,00.05,00.05,00.05,00.04,00.04,00.04,00.03,00.03,00.03,00.03,00.03,00.03,00.02,00.02,00.02,00.02,00.02,00.02,00.02
,1.760282841,01.70,01.64,01.58,01.52,01.46,01.40,01.34,01.29,01.23,01.17,01.12,01.06,01.01,00.96,00.91,00.86,00.82,00.77,00.73,00.69,00.65,00.62,00.58,00.55,00.51,00.48,00.45,00.43,00.40,00.38,00.35,00.33,00.31,00.29,00.27,00.25,00.23,00.22,00.20,00.19,00.18,00.16,00.15,00.14,00.13,00.12,00.11,00.11,00.10,00.09,00.08,00.08,00.07,00.07,00.06,00.06,00.05,00.05,00.05,00.04,00.04,00.04,00.03,00.03,00.03,00.03,00.03,00.03,00.02,00.02,00.02,00.02,00.02,00.02,00.02
,1.825870021,01.76,01.70,01.63,01.57,01.50,01.44,01.38,01.32,01.26,01.20,01.14,01.09,01.03,00.98,00.93,00.88,00.84,00.79,00.75,00.71,00.67,00.63,00.59,00.56,00.53,00.49,00.46,00.44,00.41,00.38,00.36,00.34,00.31,00.29,00.27,00.26,00.24,00.22,00.21,00.19,00.18,00.17,00.16,00.15,00.13,00.13,00.12,00.11,00.10,00.09,00.09,00.08,00.07,00.07,00.06,00.06,00.05,00.05,00.05,00.04,00.04,00.04,00.04,00.03,00.03,00.03,00.03,00.03,00.03,00.02,00.02,00.02,00.02,00.02,00.02
,1.899048577,01.83,01.76,01.69,01.62,01.55,01.49,01.42,01.36,01.29,01.23,01.18,01.12,01.06,01.01,00.96,00.91,00.86,00.81,00.77,00.73,00.69,00.65,00.61,00.57,00.54,00.51,00.48,00.45,00.42,00.39,00.37,00.35,00.32,00.30,00.28,00.26,00.25,00.23,00.21,00.20,00.19,00.17,00.16,00.15,00.14,00.13,00.12,00.11,00.10,00.10,00.09,00.08,00.08,00.07,00.06,00.06,00.06,00.05,00.05,00.04,00.04,00.04,00.04,00.03,00.03,00.03,00.03,00.03,00.03,00.02,00.02,00.02,00.02,00.02,00.02
,1.9791928,01.90,01.82,01.75,01.68,01.61,01.54,01.47,01.40,01.34,01.27,01.21,01.15,01.10,01.04,00.99,00.94,00.89,00.84,00.79,00.75,00.71,00.67,00.63,00.59,00.56,00.52,00.49,00.46,00.43,00.41,00.38,00.36,00.33,00.31,00.29,00.27,00.25,00.24,00.22,00.21,00.19,00.18,00.17,00.15,00.14,00.13,00.12,00.11,00.11,00.10,00.09,00.08,00.08,00.07,00.07,00.06,00.06,00.05,00.05,00.05,00.04,00.04,00.04,00.03,00.03,00.03,00.03,00.03,00.03,00.03,00.02,00.02,00.02,00.02,00.02
,2.065890621,01.98,01.90,01.82,01.74,01.67,01.59,01.52,01.45,01.38,01.32,01.26,01.19,01.13,01.08,01.02,00.97,00.92,00.87,00.82,00.77,00.73,00.69,00.65,00.61,00.57,00.54,00.51,00.48,00.45,00.42,00.39,00.37,00.34,00.32,00.30,00.28,00.26,00.24,00.23,00.21,00.20,00.18,00.17,00.16,00.15,00.14,00.13,00.12,00.11,00.10,00.09,00.09,00.08,00.07,00.07,00.06,00.06,00.06,00.05,00.05,00.04,00.04,00.04,00.04,00.03,00.03,00.03,00.03,00.03,00.03,00.03,00.02,00.02,00.02,00.02
,2.158861583,02.07,01.98,01.90,01.81,01.73,01.66,01.58,01.51,01.44,01.37,01.30,01.24,01.18,01.12,01.06,01.00,00.95,00.90,00.85,00.80,00.76,00.71,00.67,00.63,00.60,00.56,00.53,00.49,00.46,00.44,00.41,00.38,00.36,00.33,00.31,00.29,00.27,00.25,00.24,00.22,00.20,00.19,00.18,00.16,00.15,00.14,00.13,00.12,00.11,00.11,00.10,00.09,00.08,00.08,00.07,00.07,00.06,00.06,00.05,00.05,00.05,00.04,00.04,00.04,00.03,00.03,00.03,00.03,00.03,00.03,00.03,00.03,00.03,00.02,00.02
,2.257911635,02.16,02.07,01.98,01.89,01.81,01.73,01.65,01.57,01.50,01.42,01.35,01.29,01.22,01.16,01.10,01.04,00.99,00.93,00.88,00.83,00.79,00.74,00.70,00.66,00.62,00.58,00.55,00.51,00.48,00.45,00.42,00.40,00.37,00.35,00.32,00.30,00.28,00.26,00.25,00.23,00.21,00.20,00.18,00.17,00.16,00.15,00.14,00.13,00.12,00.11,00.10,00.09,00.09,00.08,00.07,00.07,00.06,00.06,00.06,00.05,00.05,00.04,00.04,00.04,00.04,00.03,00.03,00.03,00.03,00.03,00.03,00.03,00.03,00.03,00.03
,2.362906528,02.26,02.16,02.07,01.98,01.89,01.80,01.72,01.64,01.56,01.48,01.41,01.34,01.27,01.21,01.15,01.09,01.03,00.97,00.92,00.87,00.82,00.77,00.73,00.69,00.65,00.61,00.57,00.54,00.50,00.47,00.44,00.41,00.39,00.36,00.34,00.32,00.29,00.28,00.26,00.24,00.22,00.21,00.19,00.18,00.17,00.15,00.14,00.13,00.12,00.11,00.11,00.10,00.09,00.08,00.08,00.07,00.07,00.06,00.06,00.05,00.05,00.05,00.04,00.04,00.04,00.04,00.03,00.03,00.03,00.03,00.03,00.03,00.03,00.03,00.03
,2.473755178,02.37,02.26,02.16,02.07,01.97,01.88,01.79,01.71,01.63,01.55,01.47,01.40,01.33,01.26,01.20,01.13,01.07,01.01,00.96,00.91,00.86,00.81,00.76,00.72,00.67,00.63,00.60,00.56,00.53,00.49,00.46,00.43,00.40,00.38,00.35,00.33,00.31,00.29,00.27,00.25,00.23,00.22,00.20,00.19,00.17,00.16,00.15,00.14,00.13,00.12,00.11,00.10,00.09,00.09,00.08,00.08,00.07,00.06,00.06,00.06,00.05,00.05,00.04,00.04,00.04,00.04,00.03,00.03,00.03,00.03,00.03,00.03,00.03,00.03,00.03
,2.590398661,02.48,02.37,02.26,02.16,02.06,01.97,01.88,01.79,01.70,01.62,01.54,01.46,01.39,01.32,01.25,01.18,01.12,01.06,01.00,00.95,00.89,00.84,00.80,00.75,00.71,00.66,00.62,00.59,00.55,00.52,00.48,00.45,00.42,00.40,00.37,00.35,00.32,00.30,00.28,00.26,00.24,00.23,00.21,00.20,00.18,00.17,00.16,00.15,00.13,00.12,00.12,00.11,00.10,00.09,00.08,00.08,00.07,00.07,00.06,00.06,00.05,00.05,00.05,00.04,00.04,00.04,00.04,00.03,00.03,00.03,00.03,00.03,00.03,00.03,00.03
,2.712802572,02.59,02.48,02.37,02.26,02.16,02.06,01.96,01.87,01.78,01.69,01.61,01.53,01.45,01.38,01.31,01.24,01.17,01.11,01.05,00.99,00.94,00.88,00.83,00.78,00.74,00.69,00.65,00.61,00.58,00.54,00.51,00.47,00.44,00.42,00.39,00.36,00.34,00.32,00.29,00.27,00.26,00.24,00.22,00.21,00.19,00.18,00.16,00.15,00.14,00.13,00.12,00.11,00.10,00.10,00.09,00.08,00.08,00.07,00.07,00.06,00.06,00.05,00.05,00.05,00.04,00.04,00.04,00.04,00.03,00.03,00.03,00.03,00.03,00.03,00.03
,2.840951496,02.72,02.60,02.48,02.37,02.26,02.16,02.06,01.96,01.87,01.77,01.69,01.60,01.52,01.44,01.37,01.30,01.23,01.16,01.10,01.04,00.98,00.93,00.87,00.82,00.77,00.73,00.69,00.64,00.60,00.57,00.53,00.50,00.47,00.44,00.41,00.38,00.36,00.33,00.31,00.29,00.27,00.25,00.23,00.22,00.20,00.19,00.17,00.16,00.15,00.14,00.13,00.12,00.11,00.10,00.09,00.09,00.08,00.07,00.07,00.06,00.06,00.06,00.05,00.05,00.04,00.04,00.04,00.04,00.04,00.03,00.03,00.03,00.03,00.03,00.03
,2.974844863,02.85,02.72,02.60,02.48,02.37,02.26,02.15,02.05,01.95,01.86,01.77,01.68,01.60,01.51,01.44,01.36,01.29,01.22,01.15,01.09,01.03,00.97,00.92,00.86,00.81,00.77,00.72,00.68,00.64,00.60,00.56,00.52,00.49,00.46,00.43,00.40,00.37,00.35,00.33,00.30,00.28,00.26,00.24,00.23,00.21,00.20,00.18,00.17,00.16,00.14,00.13,00.12,00.11,00.11,00.10,00.09,00.08,00.08,00.07,00.07,00.06,00.06,00.05,00.05,00.05,00.04,00.04,00.04,00.04,00.04,00.04,00.03,00.03,00.03,00.03
,3.114493756,02.98,02.85,02.72,02.60,02.48,02.37,02.26,02.15,02.05,01.95,01.85,01.76,01.67,01.59,01.51,01.43,01.35,01.28,01.21,01.14,01.08,01.02,00.96,00.91,00.85,00.80,00.76,00.71,00.67,00.63,00.59,00.55,00.52,00.48,00.45,00.42,00.39,00.37,00.34,00.32,00.30,00.28,00.26,00.24,00.22,00.21,00.19,00.18,00.16,00.15,00.14,00.13,00.12,00.11,00.10,00.10,00.09,00.08,00.08,00.07,00.07,00.06,00.06,00.05,00.05,00.05,00.04,00.04,00.04,00.04,00.04,00.04,00.04,00.03,00.03
,3.259918383,03.12,02.98,02.85,02.72,02.60,02.48,02.37,02.25,02.15,02.04,01.94,01.85,01.76,01.67,01.58,01.50,01.42,01.34,01.27,01.20,01.14,01.07,01.01,00.95,00.90,00.85,00.80,00.75,00.70,00.66,00.62,00.58,00.54,00.51,00.48,00.44,00.41,00.39,00.36,00.34,00.31,00.29,00.27,00.25,00.23,00.22,00.20,00.19,00.17,00.16,00.15,00.14,00.13,00.12,00.11,00.10,00.09,00.09,00.08,00.07,00.07,00.06,00.06,00.06,00.05,00.05,00.05,00.04,00.04,00.04,00.04,00.04,00.04,00.04,00.04
,3.411146047,03.26,03.12,02.99,02.85,02.72,02.60,02.48,02.36,02.25,02.14,02.04,01.94,01.84,01.75,01.66,01.57,01.49,01.41,01.34,01.26,01.19,01.13,01.06,01.00,00.95,00.89,00.84,00.79,00.74,00.69,00.65,00.61,00.57,00.54,00.50,00.47,00.44,00.41,00.38,00.35,00.33,00.31,00.29,00.27,00.25,00.23,00.21,00.20,00.18,00.17,00.16,00.15,00.13,00.12,00.11,00.11,00.10,00.09,00.08,00.08,00.07,00.07,00.06,00.06,00.05,00.05,00.05,00.05,00.04,00.04,00.04,00.04,00.04,00.04,00.04
,3.568209485,03.42,03.27,03.13,02.99,02.85,02.72,02.60,02.48,02.36,02.25,02.14,02.03,01.93,01.84,01.74,01.65,01.57,01.48,01.40,01.33,01.26,01.19,01.12,01.06,00.99,00.94,00.88,00.83,00.78,00.73,00.69,00.64,00.60,00.56,00.53,00.49,00.46,00.43,00.40,00.37,00.35,00.32,00.30,00.28,00.26,00.24,00.22,00.21,00.19,00.18,00.17,00.15,00.14,00.13,00.12,00.11,00.10,00.10,00.09,00.08,00.08,00.07,00.07,00.06,00.06,00.05,00.05,00.05,00.05,00.04,00.04,00.04,00.04,00.04,00.04
,3.731145492,03.57,03.42,03.27,03.13,02.99,02.85,02.72,02.60,02.48,02.36,02.24,02.13,02.03,01.93,01.83,01.74,01.65,01.56,01.48,01.40,01.32,01.25,01.18,01.11,01.05,00.99,00.93,00.87,00.82,00.77,00.72,00.68,00.64,00.59,00.56,00.52,00.49,00.45,00.42,00.39,00.37,00.34,00.32,00.30,00.27,00.26,00.24,00.22,00.20,00.19,00.17,00.16,00.15,00.14,00.13,00.12,00.11,00.10,00.09,00.09,00.08,00.07,00.07,00.07,00.06,00.06,00.05,00.05,00.05,00.05,00.04,00.04,00.04,00.04,00.04
,3.899993774,03.74,03.58,03.42,03.27,03.13,02.99,02.85,02.72,02.59,02.47,02.35,02.24,02.13,02.02,01.92,01.82,01.73,01.64,01.55,01.47,01.39,01.31,01.24,01.17,01.10,01.04,00.98,00.92,00.86,00.81,00.76,00.71,00.67,00.63,00.59,00.55,00.51,00.48,00.45,00.42,00.39,00.36,00.34,00.31,00.29,00.27,00.25,00.23,00.21,00.20,00.18,00.17,00.16,00.15,00.13,00.12,00.12,00.11,00.10,00.09,00.09,00.08,00.07,00.07,00.06,00.06,00.06,00.05,00.05,00.05,00.05,00.05,00.05,00.04,00.04
,4.074795989,03.90,03.74,03.58,03.42,03.27,03.13,02.99,02.85,02.72,02.59,02.47,02.35,02.23,02.12,02.02,01.92,01.82,01.72,01.63,01.54,01.46,01.38,01.30,01.23,01.16,01.09,01.03,00.97,00.91,00.86,00.80,00.75,00.71,00.66,00.62,00.58,00.54,00.50,00.47,00.44,00.41,00.38,00.35,00.33,00.31,00.28,00.26,00.24,00.23,00.21,00.19,00.18,00.17,00.15,00.14,00.13,00.12,00.11,00.10,00.10,00.09,00.08,00.08,00.07,00.07,00.06,00.06,00.06,00.05,00.05,00.05,00.05,00.05,00.05,00.05
,4.255594928,04.08,03.91,03.74,03.58,03.43,03.27,03.13,02.99,02.85,02.72,02.59,02.46,02.34,02.23,02.12,02.01,01.91,01.81,01.71,01.62,01.54,01.45,01.37,01.29,01.22,01.15,01.08,01.02,00.96,00.90,00.85,00.79,00.74,00.70,00.65,00.61,00.57,00.53,00.50,00.46,00.43,00.40,00.37,00.35,00.32,00.30,00.28,00.26,00.24,00.22,00.21,00.19,00.18,00.16,00.15,00.14,00.13,00.12,00.11,00.10,00.09,00.09,00.08,00.08,00.07,00.07,00.06,00.06,00.06,00.05,00.05,00.05,00.05,00.05,00.05
,4.442433842,04.26,04.08,03.91,03.75,03.58,03.43,03.27,03.13,02.98,02.85,02.71,02.58,02.46,02.34,02.22,02.11,02.00,01.90,01.80,01.71,01.61,01.53,01.44,01.36,01.28,01.21,01.14,01.07,01.01,00.95,00.89,00.84,00.78,00.73,00.69,00.64,00.60,00.56,00.52,00.49,00.46,00.42,00.39,00.37,00.34,00.32,00.29,00.27,00.25,00.23,00.22,00.20,00.19,00.17,00.16,00.15,00.14,00.13,00.12,00.11,00.10,00.09,00.09,00.08,00.08,00.07,00.07,00.06,00.06,00.06,00.06,00.05,00.05,00.05,00.05
,4.635355869,04.45,04.26,04.09,03.91,03.75,03.58,03.43,03.27,03.12,02.98,02.84,02.71,02.58,02.45,02.33,02.22,02.10,01.99,01.89,01.79,01.70,01.60,01.52,01.43,01.35,01.27,01.20,01.13,01.06,01.00,00.94,00.88,00.83,00.77,00.72,00.68,00.63,00.59,00.55,00.52,00.48,00.45,00.42,00.39,00.36,00.33,00.31,00.29,00.27,00.25,00.23,00.21,00.20,00.18,00.17,00.15,00.14,00.13,00.12,00.11,00.11,00.10,00.09,00.08,00.08,00.07,00.07,00.07,00.06,00.06,00.06,00.06,00.06,00.05,00.05
,4.834403557,04.64,04.45,04.27,04.09,03.92,03.75,03.58,03.42,03.27,03.12,02.98,02.84,02.70,02.57,02.45,02.32,02.21,02.09,01.99,01.88,01.78,01.69,01.59,01.50,01.42,01.34,01.26,01.19,01.12,01.05,00.99,00.93,00.87,00.82,00.76,00.71,00.67,00.62,00.58,00.54,00.51,00.47,00.44,00.41,00.38,00.35,00.33,00.30,00.28,00.26,00.24,00.22,00.21,00.19,00.18,00.16,00.15,00.14,00.13,00.12,00.11,00.10,00.10,00.09,00.08,00.08,00.07,00.07,00.07,00.06,00.06,00.06,00.06,00.06,00.06
,5.039618486,04.84,04.64,04.45,04.27,04.09,03.92,03.75,03.58,03.42,03.27,03.12,02.97,02.83,02.69,02.56,02.44,02.31,02.20,02.08,01.98,01.87,01.77,01.67,01.58,01.49,01.41,01.33,01.25,01.18,01.11,01.04,00.98,00.92,00.86,00.80,00.75,00.70,00.66,00.61,00.57,00.53,00.50,00.46,00.43,00.40,00.37,00.35,00.32,00.30,00.27,00.25,00.24,00.22,00.20,00.19,00.17,00.16,00.15,00.14,00.13,00.12,00.11,00.10,00.09,00.09,00.08,00.08,00.07,00.07,00.07,00.06,00.06,00.06,00.06,00.06
,5.251040956,05.04,04.84,04.65,04.46,04.27,04.09,03.91,03.74,03.58,03.42,03.26,03.11,02.96,02.82,02.69,02.55,02.43,02.30,02.19,02.07,01.96,01.86,01.76,01.66,01.57,01.48,01.40,01.31,01.24,01.16,01.09,01.03,00.96,00.90,00.85,00.79,00.74,00.69,00.65,00.60,00.56,00.52,00.49,00.45,00.42,00.39,00.36,00.34,00.31,00.29,00.27,00.25,00.23,00.21,00.20,00.18,00.17,00.16,00.14,00.13,00.12,00.11,00.11,00.10,00.09,00.09,00.08,00.08,00.07,00.07,00.07,00.07,00.06,00.06,00.06
,5.468709754,05.26,05.05,04.85,04.65,04.46,04.27,04.09,03.91,03.74,03.57,03.41,03.25,03.10,02.95,02.81,02.68,02.54,02.42,02.29,02.17,02.06,01.95,01.85,01.74,01.65,01.56,01.47,01.38,01.30,01.22,01.15,01.08,01.01,00.95,00.89,00.83,00.78,00.73,00.68,00.64,00.59,00.55,00.51,00.48,00.44,00.41,00.38,00.36,00.33,00.31,00.28,00.26,00.24,00.22,00.21,00.19,00.18,00.16,00.15,00.14,00.13,00.12,00.11,00.10,00.10,00.09,00.09,00.08,00.08,00.07,00.07,00.07,00.07,00.07,00.07
,5.692661995,05.47,05.26,05.05,04.85,04.65,04.46,04.27,04.08,03.91,03.73,03.57,03.40,03.25,03.09,02.94,02.80,02.66,02.53,02.40,02.28,02.16,02.05,01.94,01.83,01.73,01.63,01.54,01.45,01.37,01.29,01.21,01.14,01.07,01.00,00.94,00.88,00.82,00.77,00.72,00.67,00.62,00.58,00.54,00.50,00.47,00.43,00.40,00.37,00.35,00.32,00.30,00.28,00.26,00.24,00.22,00.20,00.19,00.17,00.16,00.15,00.14,00.13,00.12,00.11,00.10,00.10,00.09,00.09,00.08,00.08,00.07,00.07,00.07,00.07,00.07
,5.922933017,05.70,05.48,05.26,05.05,04.85,04.65,04.45,04.26,04.08,03.90,03.73,03.56,03.39,03.23,03.08,02.93,02.79,02.65,02.52,02.39,02.26,02.15,02.03,01.92,01.81,01.71,01.62,01.52,01.44,01.35,01.27,01.19,01.12,01.05,00.99,00.92,00.86,00.81,00.75,00.70,00.66,00.61,00.57,00.53,00.49,00.46,00.43,00.39,00.37,00.34,00.31,00.29,00.27,00.25,00.23,00.21,00.20,00.18,00.17,00.16,00.14,00.13,00.12,00.12,00.11,00.10,00.10,00.09,00.09,00.08,00.08,00.08,00.07,00.07,00.07
,6.159556345,05.93,05.70,05.48,05.26,05.05,04.85,04.64,04.45,04.26,04.07,03.89,03.72,03.55,03.38,03.22,03.07,02.92,02.77,02.64,02.50,02.37,02.25,02.13,02.01,01.90,01.80,01.70,01.60,01.51,01.42,01.33,01.25,01.18,01.10,01.04,00.97,00.91,00.85,00.79,00.74,00.69,00.64,00.60,00.56,00.52,00.48,00.45,00.41,00.38,00.36,00.33,00.31,00.28,00.26,00.24,00.22,00.21,00.19,00.18,00.16,00.15,00.14,00.13,00.12,00.11,00.11,00.10,00.09,00.09,00.09,00.08,00.08,00.08,00.08,00.08
,6.40256372,06.16,05.93,05.70,05.48,05.26,05.05,04.84,04.64,04.44,04.25,04.06,03.88,03.71,03.53,03.37,03.21,03.05,02.90,02.76,02.62,02.48,02.35,02.23,02.11,01.99,01.88,01.78,01.68,01.58,01.49,01.40,01.32,01.24,01.16,01.09,01.02,00.95,00.89,00.83,00.78,00.73,00.68,00.63,00.59,00.54,00.51,00.47,00.44,00.40,00.37,00.35,00.32,00.30,00.27,00.25,00.23,00.22,00.20,00.19,00.17,00.16,00.15,00.14,00.13,00.12,00.11,00.11,00.10,00.09,00.09,00.09,00.08,00.08,00.08,00.08
,6.651985177,06.41,06.17,05.93,05.70,05.48,05.26,05.04,04.84,04.63,04.43,04.24,04.05,03.87,03.69,03.52,03.35,03.19,03.04,02.89,02.74,02.60,02.46,02.33,02.21,02.09,01.97,01.86,01.76,01.66,01.56,01.47,01.38,01.30,01.22,01.14,01.07,01.00,00.94,00.87,00.82,00.76,00.71,00.66,00.62,00.57,00.53,00.49,00.46,00.42,00.39,00.36,00.34,00.31,00.29,00.27,00.25,00.23,00.21,00.20,00.18,00.17,00.16,00.14,00.13,00.13,00.12,00.11,00.10,00.10,00.09,00.09,00.09,00.09,00.09,00.09
,6.907849196,06.66,06.41,06.17,05.93,05.70,05.47,05.25,05.04,04.83,04.62,04.42,04.23,04.04,03.85,03.68,03.50,03.33,03.17,03.02,02.86,02.72,02.58,02.44,02.31,02.19,02.07,01.95,01.84,01.74,01.63,01.54,01.45,01.36,01.28,01.20,01.12,01.05,00.98,00.92,00.86,00.80,00.75,00.69,00.65,00.60,00.56,00.52,00.48,00.45,00.41,00.38,00.35,00.33,00.30,00.28,00.26,00.24,00.22,00.20,00.19,00.18,00.16,00.15,00.14,00.13,00.12,00.12,00.11,00.10,00.10,00.10,00.09,00.09,00.09,00.09
,7.1701829,06.91,06.66,06.41,06.17,05.93,05.70,05.47,05.25,05.03,04.82,04.61,04.41,04.21,04.02,03.84,03.66,03.48,03.31,03.15,02.99,02.84,02.70,02.55,02.42,02.29,02.16,02.04,01.93,01.82,01.71,01.61,01.51,01.42,01.34,01.25,01.17,01.10,01.03,00.96,00.90,00.84,00.78,00.73,00.68,00.63,00.59,00.54,00.50,00.47,00.43,00.40,00.37,00.34,00.32,00.29,00.27,00.25,00.23,00.22,00.20,00.18,00.17,00.16,00.15,00.14,00.13,00.12,00.11,00.11,00.10,00.10,00.10,00.09,00.09,00.09
,7.439012321,07.17,06.92,06.66,06.41,06.16,05.92,05.69,05.46,05.23,05.01,04.80,04.59,04.39,04.19,04.00,03.81,03.63,03.46,03.29,03.13,02.97,02.82,02.67,02.53,02.39,02.26,02.14,02.02,01.90,01.79,01.69,01.59,01.49,01.40,01.31,01.23,01.15,01.08,01.01,00.94,00.88,00.82,00.76,00.71,00.66,00.61,00.57,00.53,00.49,00.46,00.42,00.39,00.36,00.33,00.31,00.29,00.26,00.24,00.23,00.21,00.19,00.18,00.17,00.15,00.14,00.14,00.13,00.12,00.11,00.11,00.10,00.10,00.10,00.10,00.10
,7.714362727,07.44,07.18,06.92,06.66,06.41,06.16,05.92,05.68,05.45,05.22,05.00,04.78,04.57,04.37,04.17,03.98,03.79,03.61,03.43,03.26,03.10,02.94,02.79,02.64,02.50,02.36,02.23,02.11,01.99,01.87,01.76,01.66,01.56,01.46,01.37,01.29,01.21,01.13,01.05,00.99,00.92,00.86,00.80,00.74,00.69,00.64,00.60,00.55,00.51,00.48,00.44,00.41,00.38,00.35,00.32,00.30,00.28,00.26,00.24,00.22,00.20,00.19,00.17,00.16,00.15,00.14,00.13,00.13,00.12,00.11,00.11,00.11,00.10,00.10,00.10
,7.996259001,07.72,07.45,07.18,06.91,06.65,06.40,06.15,05.90,05.66,05.43,05.20,04.98,04.76,04.55,04.35,04.15,03.95,03.76,03.58,03.40,03.23,03.07,02.91,02.76,02.61,02.47,02.33,02.20,02.08,01.96,01.84,01.73,01.63,01.53,01.44,01.35,01.26,01.18,01.10,01.03,00.96,00.90,00.84,00.78,00.72,00.67,00.63,00.58,00.54,00.50,00.46,00.43,00.40,00.37,00.34,00.31,00.29,00.27,00.25,00.23,00.21,00.20,00.18,00.17,00.16,00.15,00.14,00.13,00.12,00.12,00.11,00.11,00.11,00.11,00.11
,8.284726101,08.00,07.72,07.44,07.17,06.91,06.64,06.39,06.14,05.89,05.65,05.41,05.18,04.96,04.74,04.52,04.32,04.12,03.92,03.73,03.55,03.37,03.20,03.04,02.88,02.72,02.58,02.43,02.30,02.17,02.04,01.93,01.81,01.70,01.60,01.50,01.41,01.32,01.23,01.15,01.08,01.01,00.94,00.87,00.81,00.76,00.70,00.65,00.61,00.56,00.52,00.48,00.45,00.41,00.38,00.35,00.33,00.30,00.28,00.26,00.24,00.22,00.21,00.19,00.18,00.17,00.15,00.15,00.14,00.13,00.12,00.12,00.12,00.11,00.11,00.11
,8.579789563,08.29,08.00,07.72,07.44,07.17,06.90,06.63,06.37,06.12,05.87,05.63,05.39,05.16,04.93,04.71,04.49,04.29,04.08,03.89,03.70,03.51,03.34,03.16,03.00,02.84,02.69,02.54,02.40,02.26,02.13,02.01,01.89,01.78,01.67,01.57,01.47,01.38,01.29,01.21,01.13,01.05,00.98,00.91,00.85,00.79,00.74,00.68,00.64,00.59,00.55,00.51,00.47,00.43,00.40,00.37,00.34,00.32,00.29,00.27,00.25,00.23,00.21,00.20,00.19,00.17,00.16,00.15,00.14,00.14,00.13,00.12,00.12,00.12,00.12,00.12
,8.881476091,08.58,08.29,08.00,07.71,07.43,07.15,06.88,06.62,06.35,06.10,05.85,05.60,05.36,05.13,04.90,04.68,04.46,04.25,04.05,03.85,03.66,03.47,03.30,03.12,02.96,02.80,02.65,02.50,02.36,02.22,02.10,01.97,01.85,01.74,01.64,01.53,01.44,01.35,01.26,01.18,01.10,01.02,00.95,00.89,00.83,00.77,00.71,00.66,00.62,00.57,00.53,00.49,00.45,00.42,00.39,00.36,00.33,00.31,00.28,00.26,00.24,00.22,00.21,00.19,00.18,00.17,00.16,00.15,00.14,00.14,00.13,00.13,00.12,00.12,00.12
,9.189814195,08.88,08.58,08.29,07.99,07.70,07.42,07.14,06.86,06.59,06.33,06.07,05.82,05.57,05.33,05.09,04.86,04.64,04.42,04.21,04.01,03.81,03.62,03.43,03.25,03.08,02.92,02.76,02.61,02.46,02.32,02.18,02.06,01.93,01.82,01.71,01.60,01.50,01.40,01.31,01.23,01.15,01.07,01.00,00.93,00.86,00.80,00.75,00.69,00.64,00.60,00.55,00.51,00.47,00.44,00.40,00.37,00.35,00.32,00.29,00.27,00.25,00.23,00.22,00.20,00.19,00.18,00.17,00.16,00.15,00.14,00.14,00.13,00.13,00.13,00.13
,9.504834912,09.19,08.88,08.58,08.28,07.98,07.69,07.40,07.12,06.84,06.57,06.30,06.04,05.78,05.53,05.29,05.05,04.82,04.60,04.38,04.17,03.96,03.76,03.57,03.39,03.21,03.04,02.87,02.71,02.56,02.41,02.27,02.14,02.01,01.89,01.78,01.67,01.56,01.46,01.37,01.28,01.19,01.11,01.04,00.97,00.90,00.84,00.78,00.72,00.67,00.62,00.58,00.53,00.49,00.46,00.42,00.39,00.36,00.33,00.31,00.28,00.26,00.24,00.23,00.21,00.20,00.18,00.17,00.16,00.15,00.15,00.14,00.14,00.13,00.13,00.13
,9.82657258,09.51,09.19,08.88,08.57,08.27,07.97,07.67,07.38,07.09,06.81,06.54,06.27,06.00,05.74,05.49,05.25,05.01,04.77,04.55,04.33,04.12,03.91,03.71,03.52,03.34,03.16,02.99,02.82,02.66,02.51,02.37,02.23,02.10,01.97,01.85,01.74,01.63,01.52,01.42,01.33,01.24,01.16,01.08,01.01,00.94,00.87,00.81,00.75,00.70,00.65,00.60,00.55,00.51,00.47,00.44,00.41,00.37,00.35,00.32,00.30,00.27,00.25,00.24,00.22,00.20,00.19,00.18,00.17,00.16,00.15,00.15,00.14,00.14,00.14,00.14
,10.15506569,09.83,09.51,09.19,08.87,08.56,08.25,07.95,07.65,07.35,07.06,06.78,06.50,06.23,05.96,05.70,05.44,05.20,04.96,04.72,04.50,04.28,04.06,03.86,03.66,03.47,03.28,03.10,02.93,02.77,02.61,02.46,02.32,02.18,02.05,01.92,01.80,01.69,01.58,01.48,01.39,01.29,01.21,01.13,01.05,00.98,00.91,00.84,00.78,00.73,00.67,00.62,00.58,00.53,00.49,00.46,00.42,00.39,00.36,00.33,00.31,00.28,00.26,00.24,00.23,00.21,00.20,00.19,00.17,00.17,00.16,00.15,00.15,00.14,00.14,00.14
,10.49035776,10.16,09.83,09.50,09.18,08.86,08.54,08.23,07.92,07.61,07.32,07.02,06.74,06.45,06.18,05.91,05.65,05.39,05.14,04.90,04.67,04.44,04.22,04.00,03.80,03.60,03.41,03.22,03.05,02.88,02.71,02.56,02.41,02.27,02.13,02.00,01.88,01.76,01.65,01.54,01.44,01.35,01.26,01.17,01.09,01.02,00.94,00.88,00.81,00.76,00.70,00.65,00.60,00.56,00.51,00.48,00.44,00.41,00.37,00.35,00.32,00.30,00.27,00.25,00.24,00.22,00.21,00.19,00.18,00.17,00.16,00.16,00.15,00.15,00.15,00.15
,10.83249833,10.49,10.15,09.82,09.49,09.16,08.83,08.51,08.20,07.88,07.58,07.27,06.98,06.69,06.40,06.13,05.85,05.59,05.33,05.08,04.84,04.60,04.38,04.15,03.94,03.74,03.54,03.35,03.16,02.99,02.82,02.66,02.50,02.35,02.21,02.08,01.95,01.83,01.71,01.60,01.50,01.40,01.30,01.22,01.13,01.06,00.98,00.91,00.85,00.79,00.73,00.67,00.62,00.58,00.53,00.49,00.46,00.42,00.39,00.36,00.33,00.31,00.28,00.26,00.25,00.23,00.21,00.20,00.19,00.18,00.17,00.16,00.16,00.15,00.15,00.15
,11.18154389,10.83,10.49,10.15,09.81,09.47,09.14,08.81,08.48,08.16,07.84,07.53,07.23,06.93,06.63,06.35,06.07,05.79,05.53,05.27,05.02,04.77,04.54,04.31,04.09,03.87,03.67,03.47,03.28,03.10,02.92,02.76,02.59,02.44,02.29,02.16,02.02,01.90,01.78,01.66,01.55,01.45,01.35,01.26,01.18,01.10,01.02,00.95,00.88,00.82,00.76,00.70,00.65,00.60,00.56,00.51,00.47,00.44,00.40,00.37,00.35,00.32,00.30,00.27,00.25,00.24,00.22,00.21,00.19,00.18,00.18,00.17,00.16,00.16,00.16,00.16
,11.53755883,11.18,10.83,10.48,10.13,09.79,09.44,09.10,08.77,08.44,08.11,07.79,07.48,07.17,06.87,06.57,06.28,06.00,05.72,05.46,05.20,04.94,04.70,04.46,04.23,04.01,03.80,03.60,03.40,03.21,03.03,02.86,02.69,02.53,02.38,02.24,02.10,01.97,01.84,01.72,01.61,01.51,01.41,01.31,01.22,01.14,01.06,00.98,00.91,00.85,00.78,00.73,00.67,00.62,00.58,00.53,00.49,00.45,00.42,00.39,00.36,00.33,00.31,00.28,00.26,00.24,00.23,00.21,00.20,00.19,00.18,00.17,00.17,00.16,00.16,00.16
,11.90061638,11.54,11.18,10.82,10.46,10.11,09.76,09.41,09.06,08.72,08.39,08.06,07.73,07.42,07.10,06.80,06.50,06.21,05.92,05.65,05.38,05.12,04.86,04.62,04.38,04.16,03.94,03.72,03.52,03.33,03.14,02.96,02.79,02.62,02.47,02.32,02.17,02.04,01.91,01.79,01.67,01.56,01.46,01.36,01.27,01.18,01.10,01.02,00.95,00.88,00.81,00.75,00.70,00.65,00.60,00.55,00.51,00.47,00.43,00.40,00.37,00.34,00.32,00.29,00.27,00.25,00.24,00.22,00.21,00.20,00.19,00.18,00.17,00.17,00.17,00.16
,12.2707993,11.90,11.53,11.17,10.80,10.44,10.08,09.72,09.36,09.01,08.67,08.33,08.00,07.67,07.34,07.03,06.72,06.42,06.13,05.84,05.56,05.29,05.03,04.78,04.54,04.30,04.07,03.85,03.64,03.44,03.25,03.06,02.88,02.71,02.55,02.40,02.25,02.11,01.98,01.85,01.73,01.62,01.51,01.41,01.31,01.22,01.14,01.06,00.98,00.91,00.84,00.78,00.72,00.67,00.62,00.57,00.53,00.49,00.45,00.42,00.38,00.35,00.33,00.30,00.28,00.26,00.24,00.23,00.21,00.20,00.19,00.18,00.18,00.17,00.17,00.17
,12.64820037,12.27,11.89,11.52,11.14,10.77,10.40,10.03,09.67,09.31,08.96,08.61,08.26,07.92,07.59,07.26,06.95,06.63,06.33,06.04,05.75,05.47,05.20,04.94,04.69,04.45,04.21,03.98,03.77,03.56,03.36,03.17,02.98,02.81,02.64,02.48,02.33,02.18,02.04,01.91,01.79,01.67,01.56,01.46,01.36,01.26,01.18,01.09,01.01,00.94,00.87,00.81,00.75,00.69,00.64,00.59,00.55,00.50,00.47,00.43,00.40,00.37,00.34,00.31,00.29,00.27,00.25,00.23,00.22,00.21,00.20,00.19,00.18,00.18,00.17,00.17
,13.03292227,12.65,12.26,11.88,11.50,11.11,10.73,10.36,09.98,09.61,09.25,08.89,08.53,08.18,07.84,07.50,07.17,06.85,06.54,06.24,05.94,05.65,05.37,05.10,04.84,04.59,04.35,04.12,03.89,03.68,03.47,03.27,03.08,02.90,02.73,02.56,02.41,02.26,02.11,01.98,01.85,01.73,01.61,01.51,01.40,01.31,01.21,01.13,01.05,00.97,00.90,00.84,00.77,00.72,00.66,00.61,00.56,00.52,00.48,00.44,00.41,00.38,00.35,00.32,00.30,00.28,00.26,00.24,00.23,00.21,00.20,00.19,00.19,00.18,00.18,00.18
,13.42507662,13.03,12.64,12.25,11.85,11.46,11.07,10.68,10.30,09.92,09.54,09.17,08.80,08.44,08.09,07.74,07.40,07.07,06.75,06.44,06.13,05.83,05.55,05.27,05.00,04.74,04.49,04.25,04.02,03.80,03.58,03.38,03.18,03.00,02.82,02.65,02.48,02.33,02.18,02.04,01.91,01.79,01.67,01.55,01.45,01.35,01.26,01.17,01.08,01.01,00.93,00.86,00.80,00.74,00.68,00.63,00.58,00.54,00.50,00.46,00.42,00.39,00.36,00.33,00.31,00.29,00.27,00.25,00.23,00.22,00.21,00.20,00.19,00.19,00.18,00.18
,13.82478155,13.42,13.02,12.62,12.22,11.82,11.42,11.02,10.62,10.23,09.84,09.46,09.08,08.71,08.34,07.99,07.64,07.30,06.96,06.64,06.32,06.02,05.72,05.43,05.16,04.89,04.63,04.38,04.14,03.92,03.70,03.48,03.28,03.09,02.91,02.73,02.56,02.40,02.25,02.11,01.97,01.84,01.72,01.60,01.50,01.39,01.30,01.20,01.12,01.04,00.96,00.89,00.82,00.76,00.71,00.65,00.60,00.55,00.51,00.47,00.43,00.40,00.37,00.34,00.32,00.29,00.27,00.25,00.24,00.22,00.21,00.20,00.19,00.19,00.19,00.18
,14.23215677,13.82,13.41,13.00,12.59,12.18,11.77,11.36,10.95,10.55,10.15,09.75,09.36,08.98,08.60,08.23,07.87,07.52,07.18,06.84,06.52,06.20,05.90,05.60,05.31,05.04,04.77,04.52,04.27,04.04,03.81,03.59,03.38,03.19,03.00,02.81,02.64,02.48,02.32,02.17,02.03,01.90,01.77,01.66,01.54,01.44,01.34,01.24,01.15,01.07,00.99,00.92,00.85,00.79,00.73,00.67,00.62,00.57,00.53,00.49,00.45,00.41,00.38,00.35,00.32,00.30,00.28,00.26,00.24,00.23,00.22,00.21,00.20,00.19,00.19,00.19
,14.6473147,14.23,13.81,13.39,12.97,12.55,12.12,11.70,11.28,10.87,10.46,10.05,09.65,09.25,08.86,08.48,08.11,07.75,07.39,07.05,06.71,06.39,06.07,05.77,05.47,05.19,04.92,04.65,04.40,04.16,03.92,03.70,03.48,03.28,03.09,02.90,02.72,02.55,02.39,02.24,02.09,01.96,01.83,01.71,01.59,01.48,01.38,01.28,01.19,01.10,01.02,00.95,00.88,00.81,00.75,00.69,00.64,00.59,00.54,00.50,00.46,00.42,00.39,00.36,00.33,00.31,00.29,00.27,00.25,00.23,00.22,00.21,00.20,00.20,00.19,00.19
,15.07034487,14.64,14.22,13.79,13.35,12.92,12.49,12.05,11.62,11.19,10.77,10.35,09.93,09.52,09.12,08.73,08.35,07.97,07.61,07.25,06.91,06.57,06.25,05.93,05.63,05.34,05.06,04.79,04.53,04.28,04.04,03.81,03.59,03.38,03.17,02.98,02.80,02.63,02.46,02.31,02.16,02.02,01.88,01.76,01.64,01.52,01.42,01.32,01.22,01.14,01.05,00.98,00.90,00.83,00.77,00.71,00.66,00.61,00.56,00.51,00.47,00.44,00.40,00.37,00.34,00.31,00.29,00.27,00.25,00.24,00.22,00.21,00.20,00.20,00.19,00.19
,15.50128714,15.07,14.63,14.19,13.75,13.30,12.86,12.41,11.97,11.53,11.09,10.65,10.22,09.80,09.39,08.98,08.59,08.20,07.82,07.46,07.10,06.76,06.42,06.10,05.79,05.49,05.20,04.92,04.65,04.40,04.15,03.91,03.69,03.47,03.26,03.07,02.88,02.70,02.53,02.37,02.22,02.07,01.94,01.81,01.68,01.57,01.46,01.36,01.26,01.17,01.08,01.00,00.93,00.86,00.79,00.73,00.67,00.62,00.57,00.53,00.48,00.45,00.41,00.38,00.35,00.32,00.30,00.28,00.26,00.24,00.23,00.21,00.21,00.20,00.19,00.19
,15.94008588,15.50,15.05,14.60,14.15,13.69,13.24,12.78,12.32,11.86,11.41,10.96,10.51,10.08,09.65,09.23,08.82,08.43,08.04,07.66,07.30,06.94,06.60,06.27,05.95,05.64,05.34,05.05,04.78,04.51,04.26,04.02,03.79,03.57,03.35,03.15,02.96,02.78,02.60,02.44,02.28,02.13,01.99,01.86,01.73,01.61,01.50,01.39,01.29,01.20,01.11,01.03,00.95,00.88,00.81,00.75,00.69,00.64,00.59,00.54,00.50,00.46,00.42,00.39,00.36,00.33,00.30,00.28,00.26,00.24,00.23,00.22,00.21,00.20,00.19,00.19
,16.38651157,15.94,15.48,15.02,14.56,14.09,13.62,13.15,12.67,12.20,11.73,11.27,10.81,10.36,09.92,09.48,09.06,08.65,08.25,07.87,07.49,07.12,06.77,06.43,06.10,05.79,05.48,05.19,04.90,04.63,04.37,04.12,03.89,03.66,03.44,03.23,03.04,02.85,02.67,02.50,02.34,02.19,02.04,01.91,01.78,01.65,01.54,01.43,01.33,01.23,01.14,01.06,00.98,00.91,00.84,00.77,00.71,00.65,00.60,00.55,00.51,00.47,00.43,00.39,00.36,00.33,00.31,00.28,00.26,00.24,00.23,00.22,00.21,00.20,00.19,00.19
,16.84002518,16.38,15.92,15.46,14.98,14.50,14.02,13.53,13.04,12.54,12.06,11.58,11.10,10.64,10.18,09.74,09.30,08.88,08.47,08.07,07.68,07.31,06.94,06.59,06.26,05.93,05.62,05.32,05.03,04.75,04.48,04.23,03.99,03.75,03.53,03.32,03.12,02.92,02.74,02.57,02.40,02.24,02.10,01.96,01.82,01.70,01.58,01.47,01.36,01.27,01.17,01.09,01.00,00.93,00.86,00.79,00.73,00.67,00.62,00.57,00.52,00.48,00.44,00.40,00.37,00.34,00.31,00.29,00.26,00.25,00.23,00.22,00.21,00.20,00.19,00.19
,17.29954147,16.84,16.37,15.90,15.42,14.92,14.42,13.91,13.40,12.89,12.39,11.89,11.40,10.91,10.44,09.98,09.54,09.10,08.68,08.27,07.87,07.49,07.11,06.76,06.41,06.08,05.76,05.45,05.15,04.87,04.59,04.33,04.08,03.84,03.62,03.40,03.19,03.00,02.81,02.63,02.46,02.30,02.15,02.00,01.87,01.74,01.62,01.51,01.40,01.30,01.20,01.11,01.03,00.95,00.88,00.81,00.75,00.69,00.63,00.58,00.53,00.49,00.45,00.41,00.37,00.34,00.31,00.29,00.26,00.25,00.23,00.21,00.20,00.19,00.19,00.19
,17.76301194,17.30,16.83,16.35,15.86,15.36,14.84,14.31,13.78,13.24,12.72,12.20,11.69,11.19,10.70,10.23,09.77,09.32,08.89,08.46,08.06,07.66,07.28,06.92,06.56,06.22,05.89,05.58,05.27,04.98,04.70,04.44,04.18,03.94,03.70,03.48,03.27,03.07,02.87,02.69,02.52,02.36,02.20,02.05,01.91,01.78,01.66,01.54,01.43,01.33,01.23,01.14,01.05,00.97,00.90,00.83,00.76,00.70,00.64,00.59,00.54,00.50,00.45,00.41,00.38,00.35,00.32,00.29,00.26,00.24,00.23,00.21,00.20,00.19,00.19,00.18
,18.22668576,17.76,17.30,16.83,16.33,15.81,15.27,14.71,14.15,13.60,13.05,12.51,11.98,11.46,10.96,10.47,10.00,09.54,09.09,08.66,08.24,07.84,07.45,07.07,06.71,06.36,06.02,05.70,05.39,05.09,04.81,04.54,04.28,04.03,03.79,03.56,03.34,03.14,02.94,02.75,02.58,02.41,02.25,02.10,01.96,01.82,01.70,01.58,01.47,01.36,01.26,01.17,01.08,01.00,00.92,00.85,00.78,00.72,00.66,00.60,00.55,00.50,00.46,00.42,00.38,00.35,00.32,00.29,00.26,00.24,00.22,00.21,00.19,00.18,00.18,00.18
,18.68380225,18.23,17.79,17.33,16.83,16.29,15.71,15.13,14.54,13.95,13.37,12.81,12.26,11.73,11.21,10.71,10.22,09.75,09.29,08.85,08.42,08.01,07.61,07.22,06.85,06.50,06.15,05.83,05.51,05.21,04.91,04.64,04.37,04.11,03.87,03.64,03.42,03.21,03.01,02.82,02.64,02.46,02.30,02.15,02.00,01.87,01.74,01.61,01.50,01.39,01.29,01.19,01.10,01.02,00.94,00.87,00.80,00.73,00.67,00.61,00.56,00.51,00.47,00.43,00.39,00.35,00.32,00.29,00.26,00.24,00.22,00.20,00.19,00.18,00.17,00.17
,19.12229725,18.70,18.30,17.86,17.37,16.80,16.18,15.55,14.92,14.30,13.69,13.11,12.54,11.99,11.45,10.94,10.44,09.95,09.48,09.03,08.59,08.17,07.77,07.37,07.00,06.63,06.28,05.95,05.62,05.31,05.02,04.73,04.46,04.20,03.95,03.72,03.49,03.28,03.07,02.88,02.69,02.52,02.35,02.20,02.05,01.91,01.77,01.65,01.53,01.42,01.32,01.22,01.13,01.04,00.96,00.88,00.81,00.75,00.68,00.63,00.57,00.52,00.47,00.43,00.39,00.35,00.32,00.29,00.26,00.23,00.21,00.19,00.18,00.17,00.16,00.16
,19.52074768,19.16,18.83,18.46,17.99,17.36,16.67,15.97,15.29,14.64,14.00,13.39,12.81,12.24,11.69,11.16,10.65,10.15,09.67,09.21,08.76,08.33,07.92,07.52,07.13,06.76,06.41,06.06,05.74,05.42,05.12,04.83,04.55,04.29,04.03,03.79,03.56,03.34,03.13,02.94,02.75,02.57,02.40,02.24,02.09,01.95,01.81,01.68,01.56,01.45,01.34,01.24,01.15,01.06,00.98,00.90,00.83,00.76,00.70,00.64,00.58,00.53,00.48,00.43,00.39,00.35,00.32,00.28,00.25,00.23,00.20,00.18,00.17,00.15,00.15,00.14
,19.84024923,19.60,19.40,19.16,18.78,17.98,17.16,16.38,15.65,14.96,14.30,13.67,13.06,12.47,11.91,11.37,10.85,10.34,09.85,09.38,08.93,08.49,08.07,07.66,07.27,06.89,06.53,06.18,05.84,05.52,05.21,04.92,04.64,04.37,04.11,03.87,03.63,03.41,03.20,02.99,02.80,02.62,02.45,02.29,02.13,01.99,01.85,01.72,01.60,01.48,01.37,01.27,01.17,01.08,01.00,00.92,00.84,00.77,00.71,00.65,00.59,00.54,00.49,00.44,00.39,00.35,00.31,00.28,00.25,00.22,00.19,00.17,00.15,00.14,00.13,00.13
,20,20,20,20,20,18.62,17.61,16.75,15.98,15.25,14.57,13.92,13.30,12.70,12.12,11.57,11.04,10.52,10.03,09.55,09.08,08.64,08.21,07.80,07.40,07.01,06.64,06.29,05.95,05.62,05.31,05.01,04.72,04.45,04.19,03.94,03.70,03.47,03.26,03.05,02.86,02.67,02.50,02.33,02.17,02.02,01.88,01.75,01.63,01.51,01.40,01.29,01.20,01.10,01.02,00.94,00.86,00.79,00.72,00.66,00.60,00.54,00.49,00.44,00.39,00.35,00.31,00.27,00.24,00.20,00.18,00.15,00.13,00.12,00.11,00.11
,20,20,20,20,20,18.89,17.91,17.04,16.25,15.51,14.81,14.15,13.51,12.91,12.32,11.76,11.22,10.69,10.19,09.70,09.23,08.78,08.35,07.93,07.52,07.13,06.76,06.40,06.05,05.72,05.40,05.10,04.81,04.53,04.26,04.01,03.77,03.53,03.32,03.11,02.91,02.72,02.54,02.37,02.21,02.06,01.92,01.78,01.66,01.54,01.42,01.32,01.22,01.12,01.04,00.95,00.87,00.80,00.73,00.67,00.61,00.55,00.49,00.44,00.40,00.35,00.31,00.26,00.23,00.19,00.16,00.13,00.11,00.10,00.09,00.09
,20,20,20,20,20,19.03,18.11,17.27,16.47,15.73,15.03,14.36,13.71,13.10,12.51,11.94,11.39,10.86,10.35,09.85,09.38,08.92,08.48,08.05,07.64,07.25,06.87,06.50,06.15,05.81,05.49,05.18,04.89,04.60,04.33,04.08,03.83,03.60,03.37,03.16,02.96,02.77,02.59,02.41,02.25,02.10,01.95,01.82,01.69,01.56,01.45,01.34,01.24,01.14,01.05,00.97,00.89,00.81,00.74,00.68,00.61,00.55,00.50,00.45,00.40,00.35,00.30,00.26,00.21,00.17,00.14,00.10,00.08,00.07,00.06,00.06
,20,20,20,20,20,19.11,18.25,17.43,16.66,15.92,15.21,14.54,13.89,13.27,12.68,12.10,11.55,11.01,10.49,09.99,09.51,09.05,08.60,08.17,07.75,07.35,06.97,06.60,06.25,05.90,05.58,05.26,04.96,04.68,04.40,04.14,03.89,03.65,03.43,03.21,03.01,02.81,02.63,02.46,02.29,02.13,01.99,01.85,01.72,01.59,01.47,01.36,01.26,01.16,01.07,00.98,00.90,00.83,00.75,00.69,00.62,00.56,00.50,00.45,00.40,00.35,00.30,00.25,00.20,00.15,00.11,00.06,00.05,00.04,00.03,00.03
,20,20,20,20,20,19.17,18.35,17.56,16.80,16.07,15.37,14.70,14.05,13.43,12.83,12.25,11.69,11.15,10.63,10.13,09.64,09.17,08.72,08.28,07.86,07.46,07.07,06.70,06.34,05.99,05.66,05.34,05.04,04.75,04.47,04.21,03.95,03.71,03.48,03.26,03.06,02.86,02.67,02.50,02.33,02.17,02.02,01.88,01.74,01.62,01.50,01.39,01.28,01.18,01.09,01.00,00.92,00.84,00.76,00.70,00.63,00.57,00.51,00.45,00.40,00.34,00.29,00.24,00.19,00.14,00.08,00.00,00.00,00.00,00.00,00.00
,20,20,20,20,20,19.21,18.42,17.66,16.92,16.20,15.51,14.84,14.20,13.57,12.97,12.39,11.83,11.28,10.76,10.25,09.76,09.29,08.83,08.39,07.97,07.56,07.17,06.79,06.42,06.07,05.74,05.42,05.11,04.82,04.54,04.27,04.01,03.77,03.53,03.31,03.10,02.90,02.71,02.53,02.36,02.20,02.05,01.91,01.77,01.64,01.52,01.41,01.30,01.20,01.10,01.01,00.93,00.85,00.78,00.70,00.64,00.57,00.51,00.45,00.40,00.34,00.29,00.24,00.18,00.13,00.07,00.00,00.00,00.00,00.00,00.00
,20,20,20,20,20,19.24,18.48,17.74,17.02,16.31,15.63,14.97,14.32,13.70,13.10,12.52,11.95,11.41,10.88,10.37,09.88,09.40,08.94,08.49,08.07,07.65,07.26,06.87,06.51,06.15,05.82,05.49,05.18,04.88,04.60,04.33,04.07,03.82,03.58,03.36,03.15,02.94,02.75,02.57,02.40,02.24,02.08,01.94,01.80,01.67,01.54,01.43,01.32,01.22,01.12,01.03,00.94,00.86,00.79,00.71,00.64,00.58,00.52,00.46,00.40,00.34,00.29,00.23,00.18,00.12,00.06,00.00,00.00,00.00,00.00,00.00
,20,20,20,20,20,19.26,18.53,17.81,17.10,16.41,15.73,15.07,14.44,13.82,13.21,12.63,12.07,11.52,10.99,10.48,09.98,09.50,09.04,08.59,08.16,07.74,07.34,06.96,06.59,06.23,05.89,05.56,05.25,04.95,04.66,04.38,04.12,03.87,03.63,03.41,03.19,02.99,02.79,02.61,02.43,02.27,02.11,01.96,01.82,01.69,01.57,01.45,01.34,01.23,01.14,01.04,00.96,00.87,00.80,00.72,00.65,00.58,00.52,00.46,00.40,00.34,00.29,00.23,00.17,00.12,00.06,00.00,00.00,00.00,00.00,00.00
,20,20,20,20,20,19.28,18.57,17.86,17.17,16.49,15.82,15.17,14.54,13.92,13.32,12.74,12.17,11.62,11.09,10.58,10.08,09.60,09.13,08.68,08.25,07.83,07.42,07.04,06.66,06.30,05.96,05.63,05.31,05.01,04.71,04.44,04.17,03.92,03.68,03.45,03.23,03.02,02.83,02.64,02.46,02.30,02.14,01.99,01.85,01.71,01.59,01.47,01.36,01.25,01.15,01.06,00.97,00.88,00.80,00.73,00.66,00.59,00.52,00.46,00.40,00.34,00.29,00.23,00.17,00.11,00.06,00.00,00.00,00.00,00.00,00.00
,20,20,20,20,20,19.30,18.60,17.91,17.22,16.55,15.90,15.25,14.62,14.01,13.41,12.83,12.27,11.72,11.19,10.67,10.17,09.69,09.22,08.77,08.33,07.91,07.50,07.11,06.73,06.37,06.02,05.69,05.37,05.06,04.77,04.49,04.22,03.97,03.72,03.49,03.27,03.06,02.86,02.67,02.50,02.33,02.17,02.01,01.87,01.74,01.61,01.49,01.37,01.27,01.17,01.07,00.98,00.89,00.81,00.74,00.66,00.60,00.53,00.47,00.40,00.34,00.29,00.23,00.17,00.11,00.06,00.00,00.00,00.00,00.00,00.00
,20,20,20,20,20,19.31,18.63,17.95,17.28,16.61,15.96,15.33,14.70,14.09,13.50,12.92,12.35,11.81,11.27,10.76,10.26,09.77,09.30,08.85,08.41,07.98,07.57,07.18,06.80,06.43,06.08,05.75,05.43,05.12,04.82,04.54,04.27,04.01,03.77,03.53,03.31,03.10,02.90,02.71,02.53,02.35,02.19,02.04,01.89,01.76,01.63,01.51,01.39,01.28,01.18,01.08,00.99,00.91,00.82,00.75,00.67,00.60,00.53,00.47,00.41,00.35,00.29,00.23,00.17,00.11,00.06,00.00,00.00,00.00,00.00,00.00
,20,20,20,20,20,19.32,18.65,17.98,17.32,16.67,16.02,15.39,14.77,14.17,13.57,13.00,12.43,11.89,11.35,10.84,10.33,09.85,09.38,08.92,08.48,08.05,07.64,07.24,06.86,06.50,06.14,05.80,05.48,05.17,04.87,04.59,04.31,04.05,03.81,03.57,03.35,03.13,02.93,02.74,02.55,02.38,02.22,02.06,01.92,01.78,01.65,01.52,01.41,01.30,01.19,01.10,01.00,00.92,00.83,00.75,00.68,00.61,00.54,00.47,00.41,00.35,00.29,00.23,00.17,00.11,00.06,00.00,00.00,00.00,00.00,00.00
,20,20,20,20,20,19.33,18.67,18.01,17.36,16.71,16.07,15.45,14.83,14.23,13.64,13.07,12.51,11.96,11.43,10.91,10.41,09.92,09.45,08.99,08.55,08.12,07.70,07.31,06.92,06.55,06.20,05.86,05.53,05.22,04.92,04.63,04.36,04.09,03.84,03.61,03.38,03.16,02.96,02.77,02.58,02.41,02.24,02.08,01.94,01.80,01.67,01.54,01.42,01.31,01.21,01.11,01.01,00.92,00.84,00.76,00.69,00.61,00.54,00.48,00.41,00.35,00.29,00.23,00.17,00.11,00.06,00.00,00.00,00.00,00.00,00.00
,20,20,20,20,20,19.34,18.69,18.04,17.39,16.75,16.12,15.50,14.89,14.29,13.70,13.13,12.57,12.03,11.49,10.98,10.47,09.98,09.51,09.05,08.61,08.18,07.76,07.36,06.98,06.61,06.25,05.91,05.58,05.26,04.96,04.67,04.40,04.13,03.88,03.64,03.41,03.19,02.99,02.79,02.61,02.43,02.26,02.11,01.96,01.82,01.68,01.56,01.44,01.33,01.22,01.12,01.02,00.93,00.85,00.77,00.69,00.62,00.55,00.48,00.42,00.35,00.29,00.23,00.17,00.12,00.06,00.00,00.00,00.00,00.00,00.00
,20,20,20,20,20,19.35,18.70,18.06,17.42,16.79,16.16,15.54,14.94,14.34,13.76,13.19,12.63,12.09,11.55,11.04,10.53,10.04,09.57,09.11,08.67,08.23,07.82,07.42,07.03,06.66,06.30,05.95,05.62,05.31,05.00,04.71,04.43,04.17,03.91,03.67,03.44,03.22,03.02,02.82,02.63,02.45,02.29,02.13,01.98,01.83,01.70,01.57,01.45,01.34,01.23,01.13,01.03,00.94,00.86,00.78,00.70,00.62,00.55,00.48,00.42,00.36,00.29,00.23,00.17,00.12,00.06,00.00,00.00,00.00,00.00,00.00
,20,20,20,20,20,19.36,18.72,18.08,17.44,16.82,16.20,15.58,14.98,14.39,13.81,13.24,12.68,12.14,11.61,11.09,10.59,10.10,09.63,09.17,08.72,08.29,07.87,07.47,07.08,06.70,06.34,06.00,05.67,05.35,05.04,04.75,04.47,04.20,03.95,03.70,03.47,03.25,03.04,02.84,02.65,02.48,02.31,02.15,01.99,01.85,01.71,01.59,01.46,01.35,01.24,01.14,01.04,00.95,00.86,00.78,00.70,00.63,00.56,00.49,00.42,00.36,00.30,00.24,00.18,00.12,00.06,00.00,00.00,00.00,00.00,00.00
,20,20,20,20,20,19.36,18.73,18.09,17.47,16.84,16.23,15.62,15.02,14.43,13.86,13.29,12.73,12.19,11.66,11.14,10.64,10.15,09.68,09.21,08.77,08.34,07.92,07.51,07.12,06.75,06.39,06.04,05.70,05.38,05.08,04.78,04.50,04.23,03.98,03.73,03.50,03.28,03.07,02.87,02.68,02.50,02.33,02.16,02.01,01.87,01.73,01.60,01.48,01.36,01.25,01.15,01.05,00.96,00.87,00.79,00.71,00.63,00.56,00.49,00.43,00.36,00.30,00.24,00.18,00.12,00.06,00.00,00.00,00.00,00.00,00.00
,20,20,20,20,20,19.37,18.74,18.11,17.49,16.87,16.26,15.65,15.06,14.47,13.90,13.33,12.78,12.24,11.71,11.19,10.69,10.20,09.72,09.26,08.81,08.38,07.96,07.56,07.16,06.79,06.42,06.08,05.74,05.42,05.11,04.81,04.53,04.26,04.00,03.76,03.52,03.30,03.09,02.89,02.70,02.51,02.34,02.18,02.03,01.88,01.74,01.61,01.49,01.37,01.26,01.16,01.06,00.97,00.88,00.80,00.72,00.64,00.57,00.50,00.43,00.36,00.30,00.24,00.18,00.12,00.06,00.00,00.00,00.00,00.00,00.00
,20,20,20,20,20,19.37,18.75,18.12,17.50,16.89,16.28,15.68,15.09,14.50,13.93,13.37,12.82,12.28,11.75,11.23,10.73,10.24,09.76,09.30,08.85,08.42,08.00,07.59,07.20,06.82,06.46,06.11,05.77,05.45,05.14,04.84,04.56,04.29,04.03,03.78,03.55,03.32,03.11,02.91,02.72,02.53,02.36,02.20,02.04,01.89,01.76,01.62,01.50,01.38,01.27,01.17,01.07,00.97,00.89,00.80,00.72,00.64,00.57,00.50,00.43,00.37,00.30,00.24,00.18,00.12,00.06,00.00,00.00,00.00,00.00,00.00
,20,20,20,20,20,19.38,18.75,18.13,17.52,16.91,16.30,15.71,15.12,14.53,13.96,13.40,12.85,12.31,11.78,11.27,10.77,10.28,09.80,09.34,08.89,08.46,08.04,07.63,07.24,06.86,06.49,06.14,05.80,05.48,05.17,04.87,04.59,04.31,04.05,03.81,03.57,03.34,03.13,02.93,02.73,02.55,02.38,02.21,02.05,01.91,01.77,01.64,01.51,01.39,01.28,01.18,01.08,00.98,00.89,00.81,00.73,00.65,00.57,00.50,00.43,00.37,00.30,00.24,00.18,00.12,00.06,00.00,00.00,00.00,00.00,00.00
,20,20,20,20,20,19.38,18.76,18.15,17.53,16.93,16.32,15.73,15.14,14.56,13.99,13.43,12.88,12.34,11.82,11.30,10.80,10.31,09.84,09.37,08.93,08.49,08.07,07.66,07.27,06.89,06.52,06.17,05.83,05.51,05.19,04.90,04.61,04.34,04.08,03.83,03.59,03.36,03.15,02.94,02.75,02.56,02.39,02.22,02.07,01.92,01.78,01.65,01.52,01.40,01.29,01.18,01.08,00.99,00.90,00.81,00.73,00.65,00.58,00.51,00.44,00.37,00.31,00.24,00.18,00.12,00.06,00.00,00.00,00.00,00.00,00.00
,20,20,20,20,20,19.38,18.77,18.15,17.54,16.94,16.34,15.75,15.16,14.58,14.02,13.46,12.91,12.37,11.85,11.33,10.83,10.34,09.87,09.40,08.96,08.52,08.10,07.69,07.30,06.92,06.55,06.20,05.86,05.53,05.22,04.92,04.63,04.36,04.10,03.85,03.61,03.38,03.16,02.96,02.76,02.58,02.40,02.24,02.08,01.93,01.79,01.66,01.53,01.41,01.30,01.19,01.09,00.99,00.90,00.82,00.73,00.66,00.58,00.51,00.44,00.37,00.31,00.24,00.18,00.12,00.06,00.00,00.00,00.00,00.00,00.00
,20,20,20,20,20,19.39,18.77,18.16,17.56,16.95,16.36,15.76,15.18,14.61,14.04,13.48,12.93,12.40,11.87,11.36,10.86,10.37,09.89,09.43,08.98,08.55,08.12,07.72,07.32,06.94,06.57,06.22,05.88,05.55,05.24,04.94,04.65,04.38,04.11,03.86,03.62,03.39,03.18,02.97,02.78,02.59,02.41,02.25,02.09,01.94,01.80,01.66,01.54,01.42,01.30,01.20,01.09,01.00,00.91,00.82,00.74,00.66,00.58,00.51,00.44,00.37,00.31,00.25,00.18,00.12,00.06,00.00,00.00,00.00,00.00,00.00
,20,20,20,20,20,19.39,18.78,18.17,17.56,16.96,16.37,15.78,15.20,14.62,14.06,13.50,12.95,12.42,11.89,11.38,10.88,10.39,09.92,09.45,09.00,08.57,08.15,07.74,07.34,06.96,06.59,06.24,05.90,05.57,05.26,04.96,04.67,04.39,04.13,03.88,03.64,03.41,03.19,02.98,02.79,02.60,02.42,02.26,02.10,01.95,01.81,01.67,01.54,01.42,01.31,01.20,01.10,01.00,00.91,00.82,00.74,00.66,00.59,00.51,00.44,00.38,00.31,00.25,00.18,00.12,00.06,00.00,00.00,00.00,00.00,00.00
,20,20,20,20,20,19.39,18.78,18.17,17.57,16.97,16.38,15.79,15.21,14.64,14.07,13.52,12.97,12.44,11.91,11.40,10.90,10.41,09.94,09.47,09.02,08.59,08.17,07.76,07.36,06.98,06.61,06.26,05.92,05.59,05.27,04.97,04.68,04.41,04.14,03.89,03.65,03.42,03.20,03.00,02.80,02.61,02.43,02.27,02.11,01.96,01.81,01.68,01.55,01.43,01.32,01.21,01.10,01.01,00.92,00.83,00.74,00.67,00.59,00.52,00.45,00.38,00.31,00.25,00.19,00.12,00.06,00.00,00.00,00.00,00.00,00.00
,20,20,20,20,20,19.39,18.78,18.18,17.58,16.98,16.39,15.80,15.22,14.65,14.09,13.53,12.99,12.45,11.93,11.42,10.92,10.43,09.95,09.49,09.04,08.61,08.18,07.77,07.38,07.00,06.63,06.27,05.93,05.60,05.29,04.98,04.70,04.42,04.15,03.90,03.66,03.43,03.21,03.00,02.81,02.62,02.44,02.27,02.11,01.96,01.82,01.68,01.56,01.43,01.32,01.21,01.11,01.01,00.92,00.83,00.75,00.67,00.59,00.52,00.45,00.38,00.31,00.25,00.19,00.12,00.06,00.00,00.00,00.00,00.00,00.00
,20,20,20,20,20,19.39,18.79,18.18,17.58,16.99,16.39,15.81,15.23,14.66,14.10,13.54,13.00,12.47,11.94,11.43,10.93,10.44,09.97,09.50,09.06,08.62,08.20,07.79,07.39,07.01,06.64,06.28,05.94,05.61,05.30,05.00,04.71,04.43,04.16,03.91,03.67,03.44,03.22,03.01,02.81,02.63,02.45,02.28,02.12,01.97,01.82,01.69,01.56,01.44,01.32,01.22,01.11,01.01,00.92,00.83,00.75,00.67,00.59,00.52,00.45,00.38,00.31,00.25,00.19,00.12,00.06,00.00,00.00,00.00,00.00,00.00
,20,20,20,20,20,19.39,18.79,18.19,17.59,16.99,16.40,15.82,15.24,14.67,14.11,13.55,13.01,12.47,11.95,11.44,10.94,10.45,09.98,09.52,09.07,08.63,08.21,07.80,07.40,07.02,06.65,06.29,05.95,05.62,05.31,05.00,04.71,04.44,04.17,03.92,03.68,03.45,03.23,03.02,02.82,02.63,02.45,02.28,02.12,01.97,01.83,01.69,01.56,01.44,01.33,01.22,01.12,01.02,00.92,00.84,00.75,00.67,00.60,00.52,00.45,00.38,00.32,00.25,00.19,00.12,00.06,00.00,00.00,00.00,00.00,00.00
,20,20,20,20,20,19.39,18.79,18.19,17.59,16.99,16.40,15.82,15.24,14.67,14.11,13.56,13.01,12.48,11.96,11.45,10.95,10.46,09.99,09.52,09.07,08.64,08.21,07.80,07.41,07.03,06.66,06.30,05.96,05.63,05.31,05.01,04.72,04.44,04.18,03.92,03.68,03.45,03.23,03.02,02.82,02.64,02.46,02.29,02.13,01.98,01.83,01.70,01.57,01.45,01.33,01.22,01.12,01.02,00.93,00.84,00.75,00.67,00.60,00.52,00.45,00.38,00.32,00.25,00.19,00.12,00.06,00.00,00.00,00.00,00.00,00.00
,20,20,20,20,20,19.39,18.79,18.19,17.59,17.00,16.41,15.82,15.25,14.68,14.11,13.56,13.02,12.49,11.96,11.45,10.95,10.46,09.99,09.53,09.08,08.64,08.22,07.81,07.41,07.03,06.66,06.30,05.96,05.63,05.32,05.01,04.72,04.45,04.18,03.93,03.68,03.45,03.23,03.03,02.83,02.64,02.46,02.29,02.13,01.98,01.83,01.70,01.57,01.45,01.33,01.22,01.12,01.02,00.93,00.84,00.75,00.67,00.60,00.52,00.45,00.38,00.32,00.25,00.19,00.12,00.06,00.00,00.00,00.00,00.00,00.00
,20,20,20,20,20,19.39,18.79,18.19,17.59,17.00,16.41,15.82,15.25,14.68,14.11,13.56,13.02,12.49,11.96,11.45,10.95,10.47,09.99,09.53,09.08,08.64,08.22,07.81,07.41,07.03,06.66,06.31,05.96,05.63,05.32,05.02,04.73,04.45,04.18,03.93,03.69,03.46,03.24,03.03,02.83,02.64,02.46,02.29,02.13,01.98,01.84,01.70,01.57,01.45,01.33,01.22,01.12,01.02,00.93,00.84,00.76,00.67,00.60,00.52,00.45,00.38,00.32,00.25,00.19,00.12,00.06,00.00,00.00,00.00,00.00,00.00
,20,20,20,20,20,19.39,18.79,18.19,17.59,17.00,16.41,15.82,15.24,14.67,14.11,13.56,13.02,12.48,11.96,11.45,10.95,10.46,09.99,09.53,09.08,08.64,08.22,07.81,07.41,07.03,06.66,06.30,05.96,05.63,05.32,05.01,04.72,04.45,04.18,03.93,03.69,03.46,03.24,03.03,02.83,02.64,02.46,02.29,02.13,01.98,01.84,01.70,01.57,01.45,01.33,01.22,01.12,01.02,00.93,00.84,00.76,00.68,00.60,00.52,00.45,00.38,00.32,00.25,00.19,00.12,00.06,00.00,00.00,00.00,00.00,00.00
,20,20,20,20,20,19.39,18.79,18.19,17.59,16.99,16.40,15.82,15.24,14.67,14.11,13.56,13.01,12.48,11.96,11.45,10.95,10.46,09.98,09.52,09.07,08.64,08.21,07.80,07.41,07.02,06.66,06.30,05.96,05.63,05.31,05.01,04.72,04.44,04.18,03.93,03.68,03.45,03.23,03.03,02.83,02.64,02.46,02.29,02.13,01.98,01.83,01.70,01.57,01.45,01.33,01.22,01.12,01.02,00.93,00.84,00.76,00.67,00.60,00.52,00.45,00.38,00.32,00.25,00.19,00.12,00.06,00.00,00.00,00.00,00.00,00.00
,20,20,20,20,20,19.39,18.79,18.18,17.58,16.99,16.40,15.81,15.24,14.66,14.10,13.55,13.01,12.47,11.95,11.44,10.94,10.45,09.98,09.51,09.06,08.63,08.20,07.80,07.40,07.02,06.65,06.29,05.95,05.62,05.31,05.01,04.72,04.44,04.17,03.92,03.68,03.45,03.23,03.02,02.82,02.64,02.46,02.29,02.13,01.98,01.83,01.70,01.57,01.45,01.33,01.22,01.12,01.02,00.93,00.84,00.75,00.67,00.60,00.52,00.45,00.38,00.32,00.25,00.19,00.12,00.06,00.00,00.00,00.00,00.00,00.00
,20,20,20,20,20,19.39,18.79,18.18,17.58,16.98,16.39,15.81,15.23,14.66,14.09,13.54,12.99,12.46,11.94,11.43,10.93,10.44,09.96,09.50,09.05,08.62,08.19,07.78,07.39,07.01,06.64,06.28,05.94,05.61,05.30,05.00,04.71,04.43,04.17,03.91,03.67,03.44,03.23,03.02,02.82,02.63,02.45,02.29,02.13,01.97,01.83,01.69,01.57,01.44,01.33,01.22,01.12,01.02,00.93,00.84,00.75,00.67,00.60,00.52,00.45,00.38,00.32,00.25,00.19,00.12,00.06,00.00,00.00,00.00,00.00,00.00
,20,20,20,20,20,19.39,18.78,18.18,17.58,16.98,16.38,15.80,15.22,14.64,14.08,13.53,12.98,12.45,11.92,11.41,10.91,10.42,09.95,09.49,09.04,08.60,08.18,07.77,07.38,06.99,06.63,06.27,05.93,05.60,05.29,04.99,04.70,04.42,04.16,03.91,03.67,03.44,03.22,03.01,02.81,02.63,02.45,02.28,02.12,01.97,01.83,01.69,01.56,01.44,01.33,01.22,01.11,01.02,00.92,00.84,00.75,00.67,00.60,00.52,00.45,00.38,00.32,00.25,00.19,00.12,00.06,00.00,00.00,00.00,00.00,00.00
,20,20,20,20,20,19.39,18.78,18.17,17.57,16.97,16.37,15.79,15.20,14.63,14.07,13.51,12.96,12.43,11.91,11.39,10.89,10.40,09.93,09.47,09.02,08.58,08.16,07.75,07.36,06.98,06.61,06.26,05.92,05.59,05.27,04.97,04.69,04.41,04.15,03.90,03.66,03.43,03.21,03.00,02.81,02.62,02.44,02.27,02.11,01.96,01.82,01.69,01.56,01.44,01.32,01.21,01.11,01.01,00.92,00.83,00.75,00.67,00.59,00.52,00.45,00.38,00.32,00.25,00.19,00.12,00.06,00.00,00.00,00.00,00.00,00.00
,20,20,20,20,20,19.39,18.78,18.17,17.56,16.96,16.36,15.77,15.19,14.61,14.05,13.49,12.94,12.41,11.88,11.37,10.87,10.38,09.91,09.45,09.00,08.56,08.14,07.73,07.34,06.96,06.59,06.24,05.90,05.57,05.26,04.96,04.67,04.40,04.13,03.88,03.64,03.42,03.20,02.99,02.80,02.61,02.43,02.27,02.11,01.96,01.82,01.68,01.55,01.43,01.32,01.21,01.11,01.01,00.92,00.83,00.75,00.67,00.59,00.52,00.45,00.38,00.31,00.25,00.19,00.12,00.06,00.00,00.00,00.00,00.00,00.00
,20,20,20,20,20,19.38,18.77,18.16,17.55,16.95,16.35,15.76,15.17,14.59,14.03,13.47,12.92,12.38,11.86,11.35,10.84,10.36,09.88,09.42,08.97,08.54,08.11,07.71,07.31,06.93,06.57,06.22,05.88,05.55,05.24,04.94,04.65,04.38,04.12,03.87,03.63,03.40,03.19,02.98,02.79,02.60,02.42,02.26,02.10,01.95,01.81,01.67,01.55,01.43,01.31,01.21,01.10,01.01,00.92,00.83,00.75,00.67,00.59,00.52,00.45,00.38,00.31,00.25,00.19,00.12,00.06,00.00,00.00,00.00,00.00,00.00
,20,20,20,20,20,19.38,18.76,18.15,17.54,16.93,16.33,15.74,15.15,14.57,14.00,13.44,12.89,12.36,11.83,11.32,10.81,10.33,09.85,09.39,08.94,08.51,08.09,07.68,07.29,06.91,06.54,06.19,05.85,05.53,05.22,04.92,04.63,04.36,04.10,03.85,03.61,03.39,03.17,02.97,02.77,02.59,02.41,02.25,02.09,01.94,01.80,01.67,01.54,01.42,01.31,01.20,01.10,01.00,00.91,00.82,00.74,00.66,00.59,00.51,00.45,00.38,00.31,00.25,00.18,00.12,00.06,00.00,00.00,00.00,00.00,00.00
,20,20,20,20,20,19.38,18.76,18.14,17.52,16.92,16.31,15.71,15.13,14.55,13.97,13.41,12.86,12.32,11.80,11.28,10.78,10.29,09.82,09.35,08.91,08.47,08.05,07.65,07.26,06.88,06.51,06.16,05.83,05.50,05.19,04.90,04.61,04.34,04.08,03.83,03.59,03.37,03.16,02.95,02.76,02.57,02.40,02.24,02.08,01.93,01.79,01.66,01.53,01.41,01.30,01.19,01.09,01.00,00.91,00.82,00.74,00.66,00.58,00.51,00.44,00.38,00.31,00.25,00.18,00.12,00.06,00.00,00.00,00.00,00.00,00.00
,20,20,20,20,20,19.37,18.75,18.13,17.51,16.90,16.29,15.69,15.10,14.51,13.94,13.38,12.83,12.29,11.76,11.24,10.74,10.25,09.78,09.32,08.87,08.44,08.02,07.61,07.22,06.84,06.48,06.13,05.80,05.47,05.16,04.87,04.59,04.31,04.06,03.81,03.57,03.35,03.14,02.93,02.74,02.56,02.39,02.22,02.07,01.92,01.78,01.65,01.52,01.41,01.29,01.19,01.09,00.99,00.90,00.82,00.73,00.66,00.58,00.51,00.44,00.37,00.31,00.25,00.18,00.12,00.06,00.00,00.00,00.00,00.00,00.00
,20,20,20,20,20,19.37,18.74,18.11,17.49,16.88,16.26,15.66,15.07,14.48,13.90,13.34,12.79,12.25,11.72,11.20,10.70,10.21,09.73,09.27,08.83,08.39,07.98,07.57,07.18,06.81,06.44,06.10,05.76,05.44,05.13,04.84,04.56,04.29,04.03,03.79,03.55,03.33,03.12,02.92,02.72,02.54,02.37,02.21,02.05,01.91,01.77,01.64,01.51,01.40,01.29,01.18,01.08,00.99,00.90,00.81,00.73,00.65,00.58,00.51,00.44,00.37,00.31,00.24,00.18,00.12,00.06,00.00,00.00,00.00,00.00,00.00
,20,20,20,20,20,19.36,18.73,18.10,17.47,16.85,16.24,15.63,15.03,14.44,13.86,13.30,12.74,12.20,11.67,11.15,10.65,10.16,09.69,09.22,08.78,08.35,07.93,07.53,07.14,06.76,06.40,06.06,05.72,05.41,05.10,04.81,04.53,04.26,04.00,03.76,03.53,03.31,03.10,02.90,02.71,02.53,02.35,02.19,02.04,01.89,01.76,01.63,01.50,01.39,01.28,01.17,01.07,00.98,00.89,00.81,00.72,00.65,00.57,00.50,00.43,00.37,00.30,00.24,00.18,00.12,00.06,00.00,00.00,00.00,00.00,00.00
,20,20,20,20,20,19.36,18.72,18.08,17.45,16.82,16.20,15.59,14.99,14.40,13.82,13.25,12.69,12.15,11.62,11.10,10.60,10.11,09.63,09.17,08.73,08.30,07.88,07.48,07.09,06.72,06.36,06.01,05.68,05.37,05.06,04.77,04.49,04.23,03.97,03.73,03.50,03.28,03.07,02.87,02.68,02.51,02.34,02.18,02.02,01.88,01.74,01.61,01.49,01.38,01.27,01.16,01.06,00.97,00.88,00.80,00.72,00.64,00.57,00.50,00.43,00.37,00.30,00.24,00.18,00.12,00.06,00.00,00.00,00.00,00.00,00.00
,20,20,20,20,20,19.35,18.71,18.06,17.42,16.79,16.17,15.55,14.94,14.35,13.76,13.19,12.63,12.09,11.56,11.04,10.54,10.05,09.57,09.11,08.67,08.24,07.82,07.42,07.04,06.67,06.31,05.97,05.64,05.32,05.02,04.73,04.46,04.19,03.94,03.70,03.47,03.25,03.05,02.85,02.66,02.48,02.32,02.16,02.01,01.86,01.73,01.60,01.48,01.36,01.26,01.15,01.06,00.96,00.88,00.79,00.71,00.64,00.57,00.50,00.43,00.36,00.30,00.24,00.18,00.12,00.06,00.00,00.00,00.00,00.00,00.00
,20,20,20,20,20,19.34,18.69,18.04,17.39,16.76,16.13,15.50,14.89,14.29,13.71,13.13,12.57,12.02,11.49,10.97,10.47,09.98,09.51,09.05,08.61,08.18,07.76,07.37,06.98,06.61,06.26,05.92,05.59,05.28,04.98,04.69,04.42,04.15,03.90,03.67,03.44,03.22,03.02,02.82,02.64,02.46,02.29,02.14,01.99,01.85,01.71,01.59,01.47,01.35,01.24,01.14,01.05,00.96,00.87,00.79,00.71,00.63,00.56,00.49,00.42,00.36,00.30,00.24,00.18,00.12,00.06,00.00,00.00,00.00,00.00,00.00
,20,20,20,20,20,19.34,18.67,18.01,17.36,16.72,16.08,15.45,14.84,14.23,13.64,13.06,12.50,11.95,11.42,10.90,10.40,09.91,09.44,08.98,08.54,08.11,07.70,07.30,06.92,06.55,06.20,05.86,05.54,05.23,04.93,04.65,04.37,04.11,03.87,03.63,03.41,03.19,02.99,02.79,02.61,02.44,02.27,02.12,01.97,01.83,01.70,01.57,01.45,01.34,01.23,01.13,01.04,00.95,00.86,00.78,00.70,00.63,00.56,00.49,00.42,00.36,00.29,00.23,00.17,00.12,00.06,00.00,00.00,00.00,00.00,00.00
,20,20,20,20,20,19.33,18.65,17.99,17.32,16.67,16.03,15.39,14.77,14.16,13.57,12.99,12.42,11.87,11.34,10.82,10.32,09.83,09.36,08.90,08.46,08.04,07.63,07.23,06.86,06.49,06.14,05.81,05.48,05.18,04.88,04.60,04.33,04.07,03.83,03.59,03.37,03.16,02.96,02.76,02.58,02.41,02.25,02.09,01.95,01.81,01.68,01.55,01.44,01.32,01.22,01.12,01.03,00.94,00.85,00.77,00.69,00.62,00.55,00.48,00.42,00.35,00.29,00.23,00.17,00.12,00.06,00.00,00.00,00.00,00.00,00.00
,20,20,20,20,20,19.31,18.63,17.95,17.28,16.62,15.97,15.33,14.70,14.09,13.49,12.90,12.34,11.78,11.25,10.73,10.23,09.74,09.27,08.82,08.38,07.96,07.55,07.16,06.78,06.42,06.08,05.74,05.42,05.12,04.83,04.55,04.28,04.03,03.78,03.55,03.33,03.12,02.92,02.73,02.55,02.38,02.22,02.07,01.92,01.79,01.66,01.54,01.42,01.31,01.21,01.11,01.01,00.93,00.84,00.76,00.69,00.61,00.54,00.48,00.41,00.35,00.29,00.23,00.17,00.11,00.06,00.00,00.00,00.00,00.00,00.00
,20,20,20,20,20,19.30,18.61,17.92,17.23,16.56,15.90,15.25,14.62,14.00,13.40,12.81,12.24,11.69,11.15,10.63,10.13,09.65,09.18,08.73,08.29,07.87,07.47,07.08,06.71,06.35,06.01,05.68,05.36,05.06,04.77,04.49,04.23,03.98,03.74,03.51,03.29,03.08,02.89,02.70,02.52,02.35,02.19,02.04,01.90,01.77,01.64,01.52,01.40,01.29,01.19,01.09,01.00,00.92,00.83,00.75,00.68,00.61,00.54,00.47,00.41,00.35,00.29,00.23,00.17,00.11,00.06,00.00,00.00,00.00,00.00,00.00
,20,20,20,20,20,19.29,18.58,17.87,17.18,16.49,15.82,15.17,14.52,13.90,13.29,12.70,12.13,11.58,11.04,10.53,10.03,09.54,09.08,08.63,08.20,07.78,07.38,06.99,06.63,06.27,05.93,05.60,05.29,04.99,04.71,04.43,04.17,03.92,03.69,03.46,03.25,03.04,02.85,02.66,02.49,02.32,02.17,02.02,01.88,01.74,01.62,01.50,01.38,01.28,01.18,01.08,00.99,00.90,00.82,00.74,00.67,00.60,00.53,00.47,00.40,00.34,00.28,00.23,00.17,00.11,00.06,00.00,00.00,00.00,00.00,00.00
,20,20,20,20,20,19.27,18.54,17.82,17.11,16.42,15.74,15.07,14.42,13.79,13.18,12.59,12.01,11.46,10.93,10.41,09.91,09.43,08.97,08.52,08.09,07.68,07.28,06.90,06.54,06.19,05.85,05.53,05.22,04.92,04.64,04.37,04.12,03.87,03.64,03.41,03.20,03.00,02.81,02.63,02.45,02.29,02.14,01.99,01.85,01.72,01.59,01.48,01.37,01.26,01.16,01.07,00.98,00.89,00.81,00.74,00.66,00.59,00.53,00.46,00.40,00.34,00.28,00.22,00.17,00.11,00.06,00.00,00.00,00.00,00.00,00.00
,20,20,20,20,20,19.25,18.50,17.77,17.04,16.33,15.64,14.96,14.30,13.67,13.05,12.46,11.88,11.33,10.80,10.28,09.79,09.31,08.85,08.41,07.98,07.57,07.18,06.81,06.44,06.10,05.77,05.45,05.14,04.85,04.57,04.31,04.05,03.81,03.58,03.36,03.15,02.96,02.77,02.59,02.42,02.26,02.10,01.96,01.82,01.69,01.57,01.46,01.35,01.24,01.14,01.05,00.96,00.88,00.80,00.73,00.65,00.59,00.52,00.46,00.39,00.34,00.28,00.22,00.16,00.11,00.05,00.00,00.00,00.00,00.00,00.00
,20,20,20,20,20,19.23,18.46,17.70,16.95,16.23,15.52,14.83,14.17,13.53,12.91,12.31,11.74,11.19,10.66,10.14,09.65,09.18,08.72,08.28,07.86,07.46,07.07,06.70,06.35,06.00,05.68,05.36,05.06,04.78,04.50,04.24,03.99,03.75,03.53,03.31,03.10,02.91,02.72,02.55,02.38,02.22,02.07,01.93,01.79,01.67,01.55,01.43,01.33,01.22,01.13,01.04,00.95,00.87,00.79,00.72,00.65,00.58,00.51,00.45,00.39,00.33,00.27,00.22,00.16,00.11,00.05,00.00,00.00,00.00,00.00,00.00
,20,20,20,20,20,19.20,18.40,17.62,16.85,16.11,15.39,14.69,14.02,13.37,12.75,12.15,11.58,11.03,10.50,09.99,09.50,09.04,08.59,08.15,07.74,07.34,06.96,06.59,06.24,05.90,05.58,05.27,04.98,04.70,04.43,04.17,03.92,03.69,03.47,03.25,03.05,02.86,02.68,02.50,02.34,02.18,02.04,01.90,01.77,01.64,01.52,01.41,01.30,01.20,01.11,01.02,00.94,00.85,00.78,00.71,00.64,00.57,00.51,00.44,00.39,00.33,00.27,00.22,00.16,00.11,00.05,00.00,00.00,00.00,00.00,00.00
,20,20,20,20,20,19.16,18.34,17.53,16.74,15.97,15.23,14.53,13.85,13.20,12.57,11.98,11.41,10.86,10.33,09.83,09.35,08.88,08.44,08.01,07.60,07.21,06.84,06.48,06.13,05.80,05.48,05.18,04.89,04.61,04.35,04.09,03.85,03.62,03.40,03.20,03.00,02.81,02.63,02.46,02.30,02.15,02.00,01.86,01.73,01.61,01.50,01.39,01.28,01.18,01.09,01.00,00.92,00.84,00.77,00.70,00.63,00.56,00.50,00.44,00.38,00.32,00.27,00.21,00.16,00.11,00.05,00.00,00.00,00.00,00.00,00.00
,20,20,20,20,20,19.12,18.26,17.41,16.59,15.81,15.06,14.34,13.65,13.00,12.38,11.78,11.21,10.67,10.15,09.65,09.18,08.72,08.28,07.86,07.46,07.08,06.71,06.35,06.01,05.69,05.38,05.08,04.80,04.52,04.26,04.02,03.78,03.55,03.34,03.14,02.94,02.76,02.58,02.41,02.26,02.11,01.96,01.83,01.70,01.58,01.47,01.36,01.26,01.16,01.07,00.99,00.90,00.83,00.75,00.68,00.62,00.55,00.49,00.43,00.38,00.32,00.27,00.21,00.16,00.11,00.05,00.00,00.00,00.00,00.00,00.00
,20,20,20,20,20,19.07,18.16,17.27,16.42,15.62,14.85,14.12,13.43,12.78,12.16,11.57,11.00,10.47,09.95,09.46,08.99,08.55,08.12,07.70,07.31,06.93,06.57,06.22,05.89,05.57,05.27,04.98,04.70,04.43,04.18,03.94,03.70,03.48,03.27,03.07,02.88,02.70,02.53,02.37,02.21,02.07,01.93,01.80,01.67,01.55,01.44,01.34,01.24,01.14,01.05,00.97,00.89,00.81,00.74,00.67,00.61,00.55,00.49,00.43,00.37,00.32,00.27,00.21,00.16,00.11,00.05,00.00,00.00,00.00,00.00,00.00
,20,20,20,20,20,19.00,18.03,17.10,16.22,15.38,14.60,13.87,13.18,12.53,11.91,11.33,10.77,10.24,09.74,09.26,08.80,08.36,07.94,07.54,07.15,06.78,06.43,06.09,05.76,05.45,05.16,04.87,04.60,04.34,04.09,03.85,03.63,03.41,03.20,03.01,02.82,02.65,02.48,02.32,02.17,02.02,01.89,01.76,01.64,01.52,01.41,01.31,01.21,01.12,01.03,00.95,00.87,00.80,00.73,00.66,00.60,00.54,00.48,00.42,00.37,00.32,00.26,00.21,00.16,00.11,00.05,00.00,00.00,00.00,00.00,00.00
,20,20,20,20,20,18.91,17.87,16.88,15.96,15.11,14.32,13.58,12.89,12.25,11.64,11.06,10.52,10.00,09.51,09.04,08.59,08.16,07.75,07.36,06.98,06.62,06.28,05.95,05.63,05.33,05.04,04.76,04.49,04.24,04.00,03.77,03.54,03.33,03.13,02.94,02.76,02.59,02.42,02.27,02.12,01.98,01.85,01.72,01.60,01.49,01.38,01.28,01.19,01.10,01.01,00.93,00.86,00.78,00.72,00.65,00.59,00.53,00.47,00.42,00.37,00.31,00.26,00.21,00.16,00.11,00.06,00.00,00.00,00.00,00.00,00.00
,20,20,20,20,20,18.79,17.64,16.59,15.64,14.77,13.98,13.25,12.57,11.93,11.34,10.78,10.25,09.74,09.26,08.81,08.37,07.96,07.56,07.17,06.81,06.46,06.12,05.80,05.49,05.20,04.91,04.64,04.39,04.14,03.90,03.68,03.46,03.26,03.06,02.87,02.70,02.53,02.37,02.22,02.07,01.94,01.81,01.68,01.57,01.46,01.35,01.26,01.16,01.08,00.99,00.91,00.84,00.77,00.70,00.64,00.58,00.52,00.47,00.41,00.36,00.31,00.26,00.22,00.17,00.12,00.06,00.00,00.00,00.00,00.00,00.00
,20,20,20,20,20,18.59,17.32,16.21,15.24,14.37,13.58,12.86,12.20,11.59,11.01,10.47,09.95,09.47,09.00,08.56,08.14,07.74,07.35,06.98,06.63,06.29,05.96,05.65,05.35,05.06,04.79,04.53,04.27,04.03,03.80,03.59,03.38,03.18,02.99,02.80,02.63,02.47,02.31,02.16,02.02,01.89,01.76,01.64,01.53,01.42,01.32,01.23,01.14,01.05,00.97,00.89,00.82,00.75,00.69,00.63,00.57,00.51,00.46,00.41,00.36,00.31,00.27,00.22,00.17,00.13,00.07,00.00,00.00,00.00,00.00,00.00
,20,20,20,20,20,18.26,16.85,15.70,14.73,13.88,13.12,12.43,11.80,11.21,10.65,10.13,09.64,09.17,08.73,08.30,07.90,07.51,07.14,06.78,06.44,06.11,05.79,05.49,05.20,04.92,04.66,04.40,04.16,03.93,03.70,03.49,03.29,03.09,02.91,02.73,02.57,02.41,02.25,02.11,01.97,01.84,01.72,01.60,01.49,01.39,01.29,01.20,01.11,01.03,00.95,00.88,00.81,00.74,00.68,00.62,00.56,00.51,00.46,00.41,00.36,00.31,00.27,00.23,00.18,00.14,00.10,00.06,00.04,00.03,00.03,00.03
,20,20,20,20,20,17.61,16.12,15.01,14.10,13.30,12.59,11.95,11.35,10.80,10.27,09.78,09.31,08.87,08.44,08.03,07.64,07.27,06.91,06.57,06.24,05.93,05.62,05.33,05.05,04.78,04.53,04.28,04.04,03.82,03.60,03.40,03.20,03.01,02.83,02.66,02.50,02.34,02.20,02.06,01.92,01.80,01.68,01.56,01.46,01.36,01.26,01.17,01.08,01.00,00.93,00.86,00.79,00.72,00.66,00.60,00.55,00.50,00.45,00.40,00.36,00.31,00.27,00.23,00.19,00.16,00.12,00.09,00.07,00.06,00.06,00.05
,15.70532394,16.78,17.24,17.35,17.09,16.04,15.02,14.13,13.35,12.65,12.01,11.42,10.87,10.35,09.87,09.40,08.96,08.54,08.14,07.75,07.38,07.03,06.68,06.36,06.04,05.74,05.45,05.17,04.90,04.64,04.39,04.15,03.92,03.71,03.50,03.30,03.11,02.92,02.75,02.59,02.43,02.28,02.14,02.00,01.87,01.75,01.63,01.52,01.42,01.32,01.23,01.14,01.06,00.98,00.91,00.84,00.77,00.71,00.65,00.59,00.54,00.49,00.44,00.40,00.36,00.31,00.28,00.24,00.20,00.17,00.14,00.12,00.10,00.09,00.08,00.08
,12.94617132,14.17,14.83,15.08,14.95,14.44,13.80,13.15,12.52,11.93,11.38,10.86,10.36,09.89,09.44,09.01,08.60,08.21,07.83,07.46,07.11,06.77,06.45,06.14,05.83,05.54,05.27,05.00,04.74,04.49,04.25,04.02,03.80,03.59,03.39,03.20,03.01,02.84,02.67,02.51,02.36,02.21,02.07,01.94,01.82,01.70,01.59,01.48,01.38,01.29,01.20,01.11,01.03,00.95,00.88,00.82,00.75,00.69,00.63,00.58,00.53,00.48,00.44,00.39,00.35,00.31,00.28,00.24,00.21,00.18,00.16,00.14,00.12,00.11,00.10,00.10
,11.00226863,12.13,12.84,13.18,13.21,12.98,12.60,12.14,11.67,11.19,10.72,10.27,09.83,09.41,09.00,08.61,08.23,07.86,07.51,07.17,06.84,06.52,06.21,05.91,05.63,05.35,05.08,04.82,04.58,04.34,04.11,03.89,03.68,03.48,03.28,03.10,02.92,02.75,02.59,02.43,02.29,02.15,02.01,01.89,01.77,01.65,01.54,01.44,01.34,01.25,01.16,01.08,01.00,00.93,00.86,00.79,00.73,00.67,00.62,00.57,00.52,00.47,00.43,00.39,00.35,00.31,00.28,00.25,00.22,00.19,00.17,00.15,00.14,00.13,00.12,00.12
,9.537295736,10.53,11.20,11.60,11.74,11.67,11.46,11.16,10.81,10.44,10.06,09.68,09.30,08.92,08.56,08.20,07.85,07.51,07.19,06.87,06.56,06.26,05.97,05.69,05.41,05.15,04.90,04.65,04.42,04.19,03.97,03.76,03.56,03.36,03.18,03.00,02.83,02.66,02.51,02.36,02.22,02.08,01.95,01.83,01.71,01.60,01.50,01.40,01.30,01.21,01.13,01.05,00.97,00.90,00.84,00.77,00.71,00.66,00.61,00.56,00.51,00.46,00.42,00.38,00.35,00.31,00.28,00.25,00.23,00.20,00.18,00.16,00.15,00.14,00.13,00.13
,8.379261407,09.23,09.86,10.27,10.47,10.51,10.42,10.23,09.99,09.71,09.40,09.08,08.76,08.43,08.11,07.79,07.47,07.16,06.86,06.56,06.27,05.99,05.72,05.46,05.20,04.95,04.71,04.48,04.25,04.03,03.83,03.62,03.43,03.24,03.07,02.89,02.73,02.57,02.42,02.28,02.14,02.01,01.89,01.77,01.66,01.55,01.45,01.35,01.26,01.18,01.10,01.02,00.95,00.88,00.81,00.75,00.70,00.64,00.59,00.54,00.50,00.46,00.42,00.38,00.34,00.31,00.28,00.25,00.23,00.21,00.19,00.17,00.16,00.15,00.14,00.14
,7.432272869,08.17,08.74,09.14,09.38,09.48,09.47,09.37,09.21,09.00,08.76,08.50,08.22,07.94,07.66,07.37,07.09,06.81,06.53,06.26,05.99,05.73,05.47,05.23,04.98,04.75,04.52,04.30,04.09,03.88,03.68,03.49,03.30,03.13,02.96,02.79,02.63,02.48,02.34,02.20,02.07,01.95,01.83,01.71,01.60,01.50,01.40,01.31,01.22,01.14,01.06,00.99,00.92,00.85,00.79,00.73,00.68,00.62,00.58,00.53,00.49,00.45,00.41,00.37,00.34,00.31,00.28,00.26,00.23,00.21,00.20,00.18,00.17,00.16,00.15,00.15
,6.638594933,07.28,07.80,08.18,08.44,08.58,08.62,08.58,08.47,08.33,08.14,07.93,07.70,07.46,07.22,06.96,06.71,06.46,06.20,05.95,05.71,05.47,05.23,05.00,04.77,04.55,04.33,04.13,03.92,03.73,03.54,03.36,03.18,03.01,02.85,02.69,02.54,02.39,02.26,02.12,02.00,01.88,01.76,01.65,01.55,01.45,01.36,01.27,01.18,01.10,01.03,00.96,00.89,00.83,00.77,00.71,00.66,00.61,00.56,00.52,00.47,00.44,00.40,00.37,00.34,00.31,00.28,00.26,00.23,00.22,00.20,00.19,00.18,00.17,00.16,00.16
,5.961131814,06.53,06.99,07.35,07.61,07.77,07.85,07.85,07.79,07.69,07.55,07.39,07.20,07.00,06.78,06.56,06.34,06.11,05.88,05.65,05.43,05.20,04.98,04.77,04.56,04.35,04.15,03.95,03.76,03.57,03.39,03.22,03.05,02.89,02.74,02.59,02.44,02.31,02.17,02.05,01.93,01.81,01.70,01.60,01.50,01.40,01.31,01.23,01.14,01.07,00.99,00.93,00.86,00.80,00.74,00.69,00.64,00.59,00.54,00.50,00.46,00.43,00.39,00.36,00.33,00.30,00.28,00.26,00.24,00.22,00.20,00.19,00.18,00.17,00.17,00.17
,5.374741308,05.87,06.29,06.63,06.88,07.05,07.15,07.19,07.17,07.10,07.00,06.87,06.72,06.55,06.37,06.17,05.98,05.77,05.57,05.36,05.15,04.95,04.74,04.54,04.34,04.15,03.96,03.78,03.60,03.42,03.25,03.09,02.93,02.78,02.63,02.49,02.35,02.22,02.09,01.97,01.85,01.74,01.64,01.54,01.44,01.35,01.26,01.18,01.10,01.03,00.96,00.90,00.83,00.77,00.72,00.67,00.62,00.57,00.53,00.49,00.45,00.42,00.38,00.35,00.32,00.30,00.27,00.25,00.23,00.22,00.20,00.19,00.18,00.18,00.17,00.17
,4.86162574,05.31,05.69,06.00,06.24,06.41,06.52,06.58,06.59,06.55,06.48,06.38,06.26,06.12,05.96,05.80,05.62,05.44,05.26,05.07,04.88,04.69,04.50,04.32,04.14,03.95,03.78,03.60,03.44,03.27,03.11,02.96,02.81,02.66,02.52,02.38,02.25,02.13,02.01,01.89,01.78,01.68,01.58,01.48,01.39,01.30,01.22,01.14,01.07,00.99,00.93,00.86,00.80,00.75,00.70,00.65,00.60,00.55,00.51,00.47,00.44,00.40,00.37,00.34,00.32,00.29,00.27,00.25,00.23,00.22,00.20,00.19,00.18,00.18,00.17,00.17
,4.408730474,04.81,05.15,05.44,05.67,05.84,05.96,06.03,06.06,06.04,06.00,05.92,05.83,05.71,05.58,05.43,05.28,05.12,04.96,04.79,04.62,04.44,04.27,04.10,03.93,03.76,03.60,03.44,03.28,03.12,02.97,02.82,02.68,02.55,02.41,02.28,02.16,02.04,01.93,01.82,01.71,01.61,01.51,01.42,01.34,01.25,01.17,01.10,01.03,00.96,00.89,00.83,00.78,00.72,00.67,00.62,00.58,00.54,00.50,00.46,00.43,00.39,00.36,00.34,00.31,00.29,00.27,00.25,00.23,00.22,00.20,00.19,00.19,00.18,00.18,00.17
,4.006193885,04.36,04.68,04.94,05.16,05.33,05.45,05.53,05.57,05.57,05.54,05.49,05.42,05.32,05.21,05.09,04.95,04.81,04.67,04.51,04.36,04.20,04.04,03.89,03.73,03.57,03.42,03.27,03.12,02.98,02.83,02.70,02.56,02.43,02.31,02.18,02.07,01.95,01.85,01.74,01.64,01.55,01.45,01.37,01.28,01.20,01.13,01.06,00.99,00.92,00.86,00.80,00.75,00.70,00.65,00.60,00.56,00.52,00.48,00.45,00.41,00.38,00.35,00.33,00.30,00.28,00.26,00.24,00.23,00.21,00.20,00.19,00.19,00.18,00.18,00.17
,3.6463799,03.97,04.25,04.50,04.70,04.86,04.98,05.07,05.12,05.14,05.12,05.09,05.03,04.95,04.86,04.76,04.64,04.52,04.39,04.25,04.11,03.97,03.82,03.68,03.53,03.39,03.25,03.11,02.97,02.83,02.70,02.57,02.44,02.32,02.20,02.09,01.98,01.87,01.77,01.67,01.57,01.48,01.39,01.31,01.23,01.15,01.08,01.01,00.95,00.89,00.83,00.77,00.72,00.67,00.62,00.58,00.54,00.50,00.47,00.43,00.40,00.37,00.34,00.32,00.30,00.28,00.26,00.24,00.22,00.21,00.20,00.19,00.18,00.18,00.18,00.17
,3.323249895,03.61,03.87,04.10,04.29,04.44,04.56,04.65,04.71,04.73,04.73,04.71,04.67,04.61,04.53,04.44,04.34,04.23,04.12,03.99,03.87,03.74,03.61,03.48,03.34,03.21,03.08,02.95,02.82,02.69,02.57,02.45,02.33,02.21,02.10,01.99,01.89,01.78,01.69,01.59,01.50,01.42,01.33,01.25,01.18,01.11,01.04,00.97,00.91,00.85,00.80,00.74,00.69,00.65,00.60,00.56,00.52,00.48,00.45,00.42,00.39,00.36,00.33,00.31,00.29,00.27,00.25,00.23,00.22,00.21,00.20,00.19,00.18,00.18,00.17,00.17
,3.031941004,03.30,03.53,03.74,03.92,04.07,04.18,04.27,04.33,04.36,04.37,04.36,04.33,04.28,04.22,04.14,04.06,03.96,03.86,03.75,03.64,03.52,03.40,03.28,03.16,03.04,02.91,02.79,02.67,02.55,02.44,02.32,02.21,02.10,02.00,01.90,01.80,01.70,01.61,01.52,01.44,01.35,01.28,01.20,01.13,01.06,00.99,00.93,00.87,00.82,00.76,00.71,00.67,00.62,00.58,00.54,00.50,00.47,00.43,00.40,00.37,00.35,00.32,00.30,00.28,00.26,00.24,00.23,00.22,00.20,00.19,00.19,00.18,00.18,00.17,00.17
,2.768474789,03.01,03.22,03.42,03.58,03.72,03.83,03.92,03.98,04.02,04.04,04.03,04.01,03.97,03.92,03.86,03.79,03.70,03.61,03.52,03.42,03.31,03.20,03.09,02.98,02.87,02.75,02.64,02.53,02.42,02.31,02.21,02.10,02.00,01.90,01.81,01.71,01.62,01.53,01.45,01.37,01.29,01.22,01.15,01.08,01.01,00.95,00.89,00.84,00.78,00.73,00.68,00.64,00.60,00.56,00.52,00.48,00.45,00.42,00.39,00.36,00.34,00.31,00.29,00.27,00.25,00.24,00.22,00.21,00.20,00.19,00.18,00.18,00.17,00.17,00.17
,2.529550916,02.75,02.95,03.12,03.28,03.41,03.52,03.60,03.66,03.70,03.73,03.73,03.72,03.69,03.65,03.59,03.53,03.46,03.38,03.29,03.20,03.11,03.01,02.91,02.81,02.70,02.60,02.50,02.39,02.29,02.19,02.09,01.99,01.90,01.81,01.72,01.63,01.54,01.46,01.38,01.31,01.23,01.16,01.09,01.03,00.97,00.91,00.85,00.80,00.75,00.70,00.65,00.61,00.57,00.53,00.50,00.46,00.43,00.40,00.37,00.35,00.32,00.30,00.28,00.26,00.25,00.23,00.22,00.21,00.20,00.19,00.18,00.17,00.17,00.17,00.17
,2.312397848,02.51,02.69,02.86,03.00,03.12,03.22,03.31,03.37,03.41,03.44,03.45,03.44,03.42,03.39,03.34,03.29,03.23,03.16,03.08,03.00,02.91,02.83,02.73,02.64,02.55,02.45,02.36,02.26,02.17,02.07,01.98,01.89,01.80,01.71,01.63,01.55,01.47,01.39,01.31,01.24,01.17,01.11,01.04,00.98,00.92,00.87,00.81,00.76,00.72,00.67,00.63,00.59,00.55,00.51,00.48,00.44,00.41,00.39,00.36,00.33,00.31,00.29,00.27,00.25,00.24,00.22,00.21,00.20,00.19,00.18,00.18,00.17,00.17,00.16,00.16
,2.114662709,02.30,02.46,02.61,02.75,02.86,02.96,03.04,03.10,03.14,03.17,03.18,03.18,03.17,03.14,03.11,03.06,03.01,02.95,02.88,02.81,02.73,02.65,02.57,02.48,02.40,02.31,02.22,02.13,02.04,01.96,01.87,01.79,01.70,01.62,01.54,01.47,01.39,01.32,01.25,01.18,01.12,01.05,00.99,00.93,00.88,00.83,00.78,00.73,00.68,00.64,00.60,00.56,00.52,00.49,00.46,00.43,00.40,00.37,00.35,00.32,00.30,00.28,00.26,00.25,00.23,00.22,00.20,00.19,00.19,00.18,00.17,00.17,00.16,00.16,00.16
,1.934328651,02.10,02.25,02.39,02.52,02.62,02.72,02.79,02.85,02.89,02.92,02.94,02.94,02.93,02.92,02.89,02.85,02.80,02.75,02.69,02.62,02.55,02.48,02.41,02.33,02.25,02.17,02.09,02.01,01.93,01.85,01.77,01.69,01.61,01.54,01.46,01.39,01.32,01.25,01.18,01.12,01.06,01.00,00.94,00.89,00.84,00.79,00.74,00.69,00.65,00.61,00.57,00.53,00.50,00.47,00.44,00.41,00.38,00.35,00.33,00.31,00.29,00.27,00.25,00.24,00.22,00.21,00.20,00.19,00.18,00.17,00.17,00.16,00.16,00.16,00.16
,1.769651899,01.92,02.06,02.19,02.31,02.41,02.49,02.56,02.62,02.67,02.70,02.71,02.72,02.72,02.70,02.68,02.65,02.61,02.56,02.51,02.45,02.39,02.32,02.25,02.18,02.11,02.04,01.96,01.89,01.81,01.74,01.67,01.59,01.52,01.45,01.38,01.31,01.25,01.18,01.12,01.06,01.01,00.95,00.90,00.84,00.80,00.75,00.70,00.66,00.62,00.58,00.54,00.51,00.48,00.45,00.42,00.39,00.36,00.34,00.32,00.30,00.28,00.26,00.24,00.23,00.21,00.20,00.19,00.18,00.17,00.17,00.16,00.16,00.15,00.15,00.15
,1.619113125,01.76,01.89,02.01,02.11,02.21,02.29,02.36,02.41,02.45,02.49,02.51,02.51,02.51,02.50,02.48,02.46,02.42,02.38,02.34,02.29,02.23,02.17,02.11,02.05,01.98,01.91,01.84,01.78,01.71,01.64,01.57,01.50,01.44,01.37,01.31,01.24,01.18,01.12,01.06,01.01,00.95,00.90,00.85,00.80,00.76,00.71,00.67,00.63,00.59,00.55,00.52,00.49,00.45,00.43,00.40,00.37,00.35,00.33,00.30,00.28,00.27,00.25,00.23,00.22,00.21,00.20,00.18,00.18,00.17,00.16,00.16,00.15,00.15,00.15,00.15
,1.481379403,01.61,01.73,01.84,01.94,02.02,02.10,02.16,02.22,02.26,02.29,02.31,02.32,02.32,02.32,02.30,02.28,02.25,02.21,02.17,02.13,02.08,02.03,01.97,01.91,01.85,01.79,01.73,01.67,01.60,01.54,01.48,01.41,01.35,01.29,01.23,01.17,01.12,01.06,01.01,00.95,00.90,00.85,00.81,00.76,00.72,00.67,00.63,00.60,00.56,00.53,00.49,00.46,00.43,00.41,00.38,00.35,00.33,00.31,00.29,00.27,00.25,00.24,00.22,00.21,00.20,00.19,00.18,00.17,00.16,00.16,00.15,00.15,00.14,00.14,00.14
,1.355274106,01.47,01.58,01.68,01.77,01.86,01.93,01.99,02.04,02.08,02.11,02.13,02.14,02.15,02.14,02.13,02.11,02.09,02.06,02.02,01.98,01.94,01.89,01.84,01.79,01.73,01.68,01.62,01.56,01.51,01.45,01.39,01.33,01.27,01.22,01.16,01.11,01.05,01.00,00.95,00.90,00.85,00.81,00.76,00.72,00.68,00.64,00.60,00.57,00.53,00.50,00.47,00.44,00.41,00.39,00.36,00.34,00.32,00.30,00.28,00.26,00.24,00.23,00.21,00.20,00.19,00.18,00.17,00.16,00.16,00.15,00.15,00.14,00.14,00.14,00.14
,1.239752833,01.35,01.45,01.54,01.63,01.70,01.77,01.82,01.87,01.91,01.94,01.96,01.98,01.98,01.98,01.97,01.96,01.94,01.91,01.88,01.84,01.81,01.76,01.72,01.67,01.62,01.57,01.52,01.46,01.41,01.36,01.30,01.25,01.20,01.14,01.09,01.04,00.99,00.94,00.90,00.85,00.81,00.76,00.72,00.68,00.64,00.61,00.57,00.54,00.50,00.47,00.45,00.42,00.39,00.37,00.34,00.32,00.30,00.28,00.26,00.25,00.23,00.22,00.21,00.19,00.18,00.17,00.16,00.16,00.15,00.15,00.14,00.14,00.13,00.13,00.13
,1.133883954,01.23,01.33,01.41,01.49,01.56,01.62,01.68,01.72,01.76,01.79,01.81,01.82,01.83,01.83,01.82,01.81,01.79,01.77,01.75,01.71,01.68,01.64,01.60,01.56,01.51,01.47,01.42,01.37,01.32,01.27,01.22,01.17,01.12,01.07,01.03,00.98,00.93,00.89,00.84,00.80,00.76,00.72,00.68,00.64,00.61,00.57,00.54,00.51,00.48,00.45,00.42,00.40,00.37,00.35,00.33,00.31,00.29,00.27,00.25,00.24,00.22,00.21,00.20,00.19,00.18,00.17,00.16,00.15,00.14,00.14,00.14,00.13,00.13,00.13,00.13
,1.036832759,01.13,01.21,01.29,01.36,01.43,01.49,01.54,01.58,01.62,01.65,01.67,01.68,01.69,01.69,01.69,01.68,01.66,01.64,01.62,01.59,01.56,01.53,01.49,01.45,01.41,01.37,01.33,01.28,01.24,01.19,01.14,01.10,01.05,01.01,00.96,00.92,00.88,00.84,00.79,00.75,00.72,00.68,00.64,00.61,00.57,00.54,00.51,00.48,00.45,00.43,00.40,00.38,00.35,00.33,00.31,00.29,00.27,00.26,00.24,00.23,00.21,00.20,00.19,00.18,00.17,00.16,00.15,00.14,00.14,00.13,00.13,00.13,00.12,00.12,00.12
,0.947848421,01.03,01.11,01.18,01.25,01.31,01.36,01.41,01.45,01.49,01.51,01.53,01.55,01.56,01.56,01.56,01.55,01.54,01.52,01.50,01.48,01.45,01.42,01.39,01.35,01.31,01.28,01.24,01.20,01.15,01.11,01.07,01.03,00.99,00.95,00.90,00.86,00.82,00.78,00.75,00.71,00.67,00.64,00.60,00.57,00.54,00.51,00.48,00.45,00.43,00.40,00.38,00.36,00.33,00.31,00.29,00.28,00.26,00.24,00.23,00.21,00.20,00.19,00.18,00.17,00.16,00.15,00.14,00.14,00.13,00.13,00.12,00.12,00.12,00.12,00.12
,0.866253191,00.94,01.02,01.08,01.14,01.20,01.25,01.29,01.33,01.36,01.39,01.41,01.43,01.44,01.44,01.44,01.43,01.42,01.41,01.39,01.37,01.34,01.32,01.29,01.26,01.22,01.19,01.15,01.12,01.08,01.04,01.00,00.96,00.92,00.89,00.85,00.81,00.77,00.74,00.70,00.67,00.63,00.60,00.57,00.54,00.51,00.48,00.45,00.43,00.40,00.38,00.36,00.34,00.32,00.30,00.28,00.26,00.25,00.23,00.22,00.20,00.19,00.18,00.17,00.16,00.15,00.14,00.14,00.13,00.13,00.12,00.12,00.12,00.11,00.11,00.11
,0.791433371,00.86,00.93,00.99,01.05,01.10,01.15,01.19,01.22,01.25,01.28,01.30,01.31,01.32,01.33,01.33,01.32,01.31,01.30,01.29,01.27,01.25,01.22,01.20,01.17,01.14,01.11,01.07,01.04,01.00,00.97,00.93,00.90,00.86,00.83,00.79,00.76,00.72,00.69,00.66,00.63,00.59,00.56,00.54,00.51,00.48,00.45,00.43,00.40,00.38,00.36,00.34,00.32,00.30,00.28,00.26,00.25,00.23,00.22,00.21,00.19,00.18,00.17,00.16,00.15,00.15,00.14,00.13,00.13,00.12,00.12,00.11,00.11,00.11,00.11,00.11
,0.722831723,00.79,00.85,00.91,00.96,01.01,01.05,01.09,01.12,01.15,01.17,01.19,01.21,01.22,01.22,01.22,01.22,01.21,01.20,01.19,01.17,01.15,01.13,01.11,01.08,01.06,01.03,01.00,00.97,00.94,00.90,00.87,00.84,00.81,00.77,00.74,00.71,00.68,00.65,00.62,00.59,00.56,00.53,00.50,00.48,00.45,00.43,00.40,00.38,00.36,00.34,00.32,00.30,00.28,00.26,00.25,00.23,00.22,00.21,00.19,00.18,00.17,00.16,00.15,00.15,00.14,00.13,00.13,00.12,00.12,00.11,00.11,00.11,00.11,00.10,00.10
,0.659941037,00.72,00.78,00.83,00.88,00.92,00.96,01.00,01.03,01.06,01.08,01.10,01.11,01.12,01.12,01.13,01.12,01.12,01.11,01.10,01.09,01.07,01.05,01.03,01.01,00.98,00.95,00.93,00.90,00.87,00.84,00.81,00.78,00.75,00.72,00.69,00.66,00.63,00.61,00.58,00.55,00.52,00.50,00.47,00.45,00.42,00.40,00.38,00.36,00.34,00.32,00.30,00.28,00.27,00.25,00.24,00.22,00.21,00.20,00.18,00.17,00.16,00.15,00.15,00.14,00.13,00.13,00.12,00.11,00.11,00.11,00.10,00.10,00.10,00.10,00.10
,0.602298648,00.66,00.71,00.76,00.80,00.84,00.88,00.91,00.94,00.97,00.99,01.01,01.02,01.03,01.03,01.04,01.04,01.03,01.03,01.02,01.00,00.99,00.97,00.95,00.93,00.91,00.89,00.86,00.84,00.81,00.78,00.76,00.73,00.70,00.67,00.65,00.62,00.59,00.57,00.54,00.51,00.49,00.47,00.44,00.42,00.40,00.38,00.36,00.34,00.32,00.30,00.28,00.27,00.25,00.24,00.22,00.21,00.20,00.18,00.17,00.16,00.15,00.15,00.14,00.13,00.12,00.12,00.11,00.11,00.11,00.10,00.10,00.10,00.10,00.09,00.09
,0.549481731,00.60,00.65,00.69,00.73,00.77,00.80,00.84,00.86,00.89,00.91,00.92,00.94,00.95,00.95,00.95,00.95,00.95,00.95,00.94,00.93,00.91,00.90,00.88,00.86,00.84,00.82,00.80,00.78,00.75,00.73,00.70,00.68,00.65,00.63,00.60,00.58,00.55,00.53,00.50,00.48,00.46,00.44,00.41,00.39,00.37,00.35,00.33,00.32,00.30,00.28,00.26,00.25,00.24,00.22,00.21,00.20,00.19,00.17,00.16,00.16,00.15,00.14,00.13,00.12,00.12,00.11,00.11,00.10,00.10,00.10,00.09,00.09,00.09,00.09,00.09
,0.501103243,00.55,00.59,00.63,00.67,00.70,00.74,00.76,00.79,00.81,00.83,00.85,00.86,00.87,00.87,00.88,00.88,00.88,00.87,00.86,00.85,00.84,00.83,00.81,00.80,00.78,00.76,00.74,00.72,00.70,00.68,00.65,00.63,00.61,00.58,00.56,00.54,00.52,00.49,00.47,00.45,00.43,00.41,00.39,00.37,00.35,00.33,00.31,00.30,00.28,00.26,00.25,00.23,00.22,00.21,00.20,00.19,00.17,00.16,00.16,00.15,00.14,00.13,00.12,00.12,00.11,00.11,00.10,00.10,00.10,00.09,00.09,00.09,00.09,00.09,00.09
,0.456808394,00.50,00.54,00.58,00.61,00.64,00.67,00.70,00.72,00.74,00.76,00.78,00.79,00.80,00.80,00.81,00.81,00.81,00.80,00.80,00.79,00.78,00.77,00.75,00.74,00.72,00.70,00.69,00.67,00.65,00.63,00.61,00.59,00.56,00.54,00.52,00.50,00.48,00.46,00.44,00.42,00.40,00.38,00.36,00.34,00.33,00.31,00.29,00.28,00.26,00.25,00.23,00.22,00.21,00.20,00.18,00.17,00.16,00.16,00.15,00.14,00.13,00.12,00.12,00.11,00.11,00.10,00.10,00.09,00.09,00.09,00.09,00.08,00.08,00.08,00.08
,0.416271575,00.45,00.49,00.53,00.56,00.59,00.61,00.64,00.66,00.68,00.70,00.71,00.72,00.73,00.74,00.74,00.74,00.74,00.74,00.73,00.73,00.72,00.71,00.69,00.68,00.67,00.65,00.63,00.62,00.60,00.58,00.56,00.54,00.52,00.50,00.49,00.47,00.45,00.43,00.41,00.39,00.37,00.35,00.34,00.32,00.30,00.29,00.27,00.26,00.24,00.23,00.22,00.21,00.19,00.18,00.17,00.16,00.15,00.15,00.14,00.13,00.12,00.12,00.11,00.11,00.10,00.10,00.09,00.09,00.09,00.08,00.08,00.08,00.08,00.08,00.08
,0.379193657,00.41,00.45,00.48,00.51,00.54,00.56,00.58,00.60,00.62,00.64,00.65,00.66,00.67,00.68,00.68,00.68,00.68,00.68,00.67,00.67,00.66,00.65,00.64,00.63,00.62,00.60,00.59,00.57,00.55,00.54,00.52,00.50,00.49,00.47,00.45,00.43,00.41,00.40,00.38,00.36,00.35,00.33,00.31,00.30,00.28,00.27,00.26,00.24,00.23,00.22,00.20,00.19,00.18,00.17,00.16,00.15,00.15,00.14,00.13,00.12,00.12,00.11,00.10,00.10,00.09,00.09,00.09,00.08,00.08,00.08,00.08,00.08,00.07,00.07,00.07
,0.345299612,00.38,00.41,00.44,00.46,00.49,00.51,00.53,00.55,00.57,00.58,00.60,00.61,00.61,00.62,00.62,00.63,00.62,00.62,00.62,00.61,00.61,00.60,00.59,00.58,00.57,00.55,00.54,00.53,00.51,00.50,00.48,00.47,00.45,00.43,00.42,00.40,00.39,00.37,00.35,00.34,00.32,00.31,00.29,00.28,00.26,00.25,00.24,00.23,00.21,00.20,00.19,00.18,00.17,00.16,00.15,00.14,00.14,00.13,00.12,00.12,00.11,00.10,00.10,00.09,00.09,00.09,00.08,00.08,00.08,00.07,00.07,00.07,00.07,00.07,00.07
,0.314336402,00.34,00.37,00.40,00.42,00.45,00.47,00.49,00.50,00.52,00.53,00.54,00.55,00.56,00.57,00.57,00.57,00.57,00.57,00.57,00.56,00.56,00.55,00.54,00.53,00.52,00.51,00.50,00.49,00.47,00.46,00.45,00.43,00.42,00.40,00.39,00.37,00.36,00.34,00.33,00.31,00.30,00.29,00.27,00.26,00.25,00.23,00.22,00.21,00.20,00.19,00.18,00.17,00.16,00.15,00.14,00.14,00.13,00.12,00.11,00.11,00.10,00.10,00.09,00.09,00.08,00.08,00.08,00.07,00.07,00.07,00.07,00.07,00.07,00.07,00.07
,0.286071104,00.31,00.34,00.36,00.39,00.41,00.43,00.44,00.46,00.47,00.49,00.50,00.51,00.51,00.52,00.52,00.53,00.53,00.52,00.52,00.52,00.51,00.51,00.50,00.49,00.48,00.47,00.46,00.45,00.44,00.42,00.41,00.40,00.39,00.37,00.36,00.34,00.33,00.32,00.30,00.29,00.28,00.27,00.25,00.24,00.23,00.22,00.21,00.20,00.19,00.18,00.17,00.16,00.15,00.14,00.13,00.13,00.12,00.11,00.11,00.10,00.10,00.09,00.09,00.08,00.08,00.08,00.07,00.07,00.07,00.07,00.07,00.06,00.06,00.06,00.06
,0.260289227,00.28,00.31,00.33,00.35,00.37,00.39,00.41,00.42,00.43,00.45,00.46,00.46,00.47,00.48,00.48,00.48,00.48,00.48,00.48,00.48,00.47,00.47,00.46,00.45,00.44,00.43,00.42,00.41,00.40,00.39,00.38,00.37,00.36,00.34,00.33,00.32,00.31,00.29,00.28,00.27,00.26,00.25,00.24,00.22,00.21,00.20,00.19,00.18,00.17,00.16,00.16,00.15,00.14,00.13,00.13,00.12,00.11,00.11,00.10,00.10,00.09,00.09,00.08,00.08,00.07,00.07,00.07,00.07,00.06,00.06,00.06,00.06,00.06,00.06,00.06
,0.236793208,00.26,00.28,00.30,00.32,00.34,00.35,00.37,00.38,00.40,00.41,00.42,00.42,00.43,00.43,00.44,00.44,00.44,00.44,00.44,00.44,00.43,00.43,00.42,00.42,00.41,00.40,00.39,00.38,00.37,00.36,00.35,00.34,00.33,00.32,00.31,00.30,00.28,00.27,00.26,00.25,00.24,00.23,00.22,00.21,00.20,00.19,00.18,00.17,00.16,00.15,00.15,00.14,00.13,00.12,00.12,00.11,00.10,00.10,00.09,00.09,00.08,00.08,00.08,00.07,00.07,00.07,00.06,00.06,00.06,00.06,00.06,00.06,00.06,00.06,00.06
,0.215401051,00.24,00.26,00.27,00.29,00.31,00.32,00.34,00.35,00.36,00.37,00.38,00.39,00.39,00.40,00.40,00.40,00.40,00.40,00.40,00.40,00.40,00.39,00.39,00.38,00.37,00.37,00.36,00.35,00.34,00.33,00.32,00.31,00.30,00.29,00.28,00.27,00.26,00.25,00.24,00.23,00.22,00.21,00.20,00.19,00.18,00.18,00.17,00.16,00.15,00.14,00.14,00.13,00.12,00.12,00.11,00.10,00.10,00.09,00.09,00.08,00.08,00.08,00.07,00.07,00.07,00.06,00.06,00.06,00.06,00.06,00.05,00.05,00.05,00.05,00.05
,0.195945094,00.21,00.23,00.25,00.27,00.28,00.29,00.31,00.32,00.33,00.34,00.35,00.35,00.36,00.36,00.37,00.37,00.37,00.37,00.37,00.37,00.36,00.36,00.36,00.35,00.34,00.34,00.33,00.32,00.31,00.31,00.30,00.29,00.28,00.27,00.26,00.25,00.24,00.23,00.22,00.21,00.21,00.20,00.19,00.18,00.17,00.16,00.15,00.15,00.14,00.13,00.13,00.12,00.11,00.11,00.10,00.10,00.09,00.09,00.08,00.08,00.07,00.07,00.07,00.06,00.06,00.06,00.06,00.06,00.05,00.05,00.05,00.05,00.05,00.05,00.05
,0.178270894,00.20,00.21,00.23,00.24,00.26,00.27,00.28,00.29,00.30,00.31,00.32,00.32,00.33,00.33,00.33,00.34,00.34,00.34,00.34,00.34,00.33,00.33,00.33,00.32,00.32,00.31,00.30,00.30,00.29,00.28,00.27,00.27,00.26,00.25,00.24,00.23,00.22,00.22,00.21,00.20,00.19,00.18,00.17,00.17,00.16,00.15,00.14,00.14,00.13,00.12,00.12,00.11,00.11,00.10,00.09,00.09,00.09,00.08,00.08,00.07,00.07,00.07,00.06,00.06,00.06,00.06,00.05,00.05,00.05,00.05,00.05,00.05,00.05,00.05,00.05
,0.162236206,00.18,00.19,00.21,00.22,00.23,00.24,00.25,00.26,00.27,00.28,00.29,00.29,00.30,00.30,00.31,00.31,00.31,00.31,00.31,00.31,00.30,00.30,00.30,00.29,00.29,00.28,00.28,00.27,00.27,00.26,00.25,00.24,00.24,00.23,00.22,00.21,00.21,00.20,00.19,00.18,00.18,00.17,00.16,00.15,00.15,00.14,00.13,00.13,00.12,00.11,00.11,00.10,00.10,00.09,00.09,00.08,00.08,00.08,00.07,00.07,00.07,00.06,00.06,00.06,00.05,00.05,00.05,00.05,00.05,00.05,00.05,00.04,00.04,00.04,00.04
,0.147710049,00.16,00.18,00.19,00.20,00.21,00.22,00.23,00.24,00.25,00.26,00.26,00.27,00.27,00.28,00.28,00.28,00.28,00.28,00.28,00.28,00.28,00.28,00.27,00.27,00.27,00.26,00.26,00.25,00.24,00.24,00.23,00.22,00.22,00.21,00.20,00.20,00.19,00.18,00.18,00.17,00.16,00.16,00.15,00.14,00.14,00.13,00.12,00.12,00.11,00.11,00.10,00.10,00.09,00.09,00.08,00.08,00.07,00.07,00.07,00.06,00.06,00.06,00.06,00.05,00.05,00.05,00.05,00.05,00.04,00.04,00.04,00.04,00.04,00.04,00.04
,0.134571851,00.15,00.16,00.17,00.18,00.19,00.20,00.21,00.22,00.23,00.23,00.24,00.24,00.25,00.25,00.25,00.26,00.26,00.26,00.26,00.26,00.25,00.25,00.25,00.25,00.24,00.24,00.23,00.23,00.22,00.22,00.21,00.21,00.20,00.19,00.19,00.18,00.18,00.17,00.16,00.16,00.15,00.14,00.14,00.13,00.13,00.12,00.11,00.11,00.10,00.10,00.09,00.09,00.08,00.08,00.08,00.07,00.07,00.07,00.06,00.06,00.06,00.05,00.05,00.05,00.05,00.05,00.04,00.04,00.04,00.04,00.04,00.04,00.04,00.04,00.04
,0.122710659,00.13,00.15,00.16,00.17,00.17,00.18,00.19,00.20,00.21,00.21,00.22,00.22,00.23,00.23,00.23,00.23,00.23,00.23,00.23,00.23,00.23,00.23,00.23,00.23,00.22,00.22,00.21,00.21,00.21,00.20,00.20,00.19,00.18,00.18,00.17,00.17,00.16,00.16,00.15,00.14,00.14,00.13,00.13,00.12,00.12,00.11,00.11,00.10,00.10,00.09,00.09,00.08,00.08,00.07,00.07,00.07,00.06,00.06,00.06,00.06,00.05,00.05,00.05,00.05,00.04,00.04,00.04,00.04,00.04,00.04,00.04,00.04,00.04,00.04,00.04
,0.112024409,00.12,00.13,00.14,00.15,00.16,00.17,00.17,00.18,00.19,00.19,00.20,00.20,00.21,00.21,00.21,00.21,00.21,00.21,00.21,00.21,00.21,00.21,00.21,00.21,00.20,00.20,00.20,00.19,00.19,00.18,00.18,00.17,00.17,00.16,00.16,00.15,00.15,00.14,00.14,00.13,00.13,00.12,00.12,00.11,00.11,00.10,00.10,00.09,00.09,00.08,00.08,00.08,00.07,00.07,00.07,00.06,00.06,00.06,00.05,00.05,00.05,00.05,00.05,00.04,00.04,00.04,00.04,00.04,00.04,00.04,00.04,00.03,00.03,00.03,00.03
,0.10241925,00.11,00.12,00.13,00.14,00.14,00.15,00.16,00.17,00.17,00.18,00.18,00.18,00.19,00.19,00.19,00.19,00.20,00.20,00.20,00.20,00.19,00.19,00.19,00.19,00.19,00.18,00.18,00.18,00.17,00.17,00.16,00.16,00.16,00.15,00.15,00.14,00.14,00.13,00.13,00.12,00.12,00.11,00.11,00.10,00.10,00.09,00.09,00.09,00.08,00.08,00.07,00.07,00.07,00.06,00.06,00.06,00.06,00.05,00.05,00.05,00.05,00.04,00.04,00.04,00.04,00.04,00.04,00.04,00.03,00.03,00.03,00.03,00.03,00.03,00.03
,0.093808915,00.10,00.11,00.12,00.13,00.13,00.14,00.14,00.15,00.16,00.16,00.16,00.17,00.17,00.17,00.18,00.18,00.18,00.18,00.18,00.18,00.18,00.18,00.17,00.17,00.17,00.17,00.16,00.16,00.16,00.15,00.15,00.15,00.14,00.14,00.13,00.13,00.13,00.12,00.12,00.11,00.11,00.10,00.10,00.10,00.09,00.09,00.08,00.08,00.08,00.07,00.07,00.07,00.06,00.06,00.06,00.05,00.05,00.05,00.05,00.05,00.04,00.04,00.04,00.04,00.04,00.04,00.03,00.03,00.03,00.03,00.03,00.03,00.03,00.03,00.03
,0.086114128,00.09,00.10,00.11,00.11,00.12,00.13,00.13,00.14,00.14,00.15,00.15,00.15,00.16,00.16,00.16,00.16,00.16,00.16,00.16,00.16,00.16,00.16,00.16,00.16,00.16,00.15,00.15,00.15,00.14,00.14,00.14,00.13,00.13,00.13,00.12,00.12,00.12,00.11,00.11,00.10,00.10,00.10,00.09,00.09,00.08,00.08,00.08,00.07,00.07,00.07,00.06,00.06,00.06,00.06,00.05,00.05,00.05,00.05,00.04,00.04,00.04,00.04,00.04,00.04,00.03,00.03,00.03,00.03,00.03,00.03,00.03,00.03,00.03,00.03,00.03
,0.079262059,00.09,00.09,00.10,00.10,00.11,00.12,00.12,00.12,00.13,00.13,00.14,00.14,00.14,00.14,00.15,00.15,00.15,00.15,00.15,00.15,00.15,00.15,00.15,00.14,00.14,00.14,00.14,00.14,00.13,00.13,00.13,00.12,00.12,00.12,00.11,00.11,00.11,00.10,00.10,00.10,00.09,00.09,00.08,00.08,00.08,00.07,00.07,00.07,00.07,00.06,00.06,00.06,00.05,00.05,00.05,00.05,00.04,00.04,00.04,00.04,00.04,00.04,00.03,00.03,00.03,00.03,00.03,00.03,00.03,00.03,00.03,00.03,00.03,00.03,00.03
,0.073185796,00.08,00.08,00.09,00.10,00.10,00.11,00.11,00.11,00.12,00.12,00.12,00.13,00.13,00.13,00.13,00.13,00.14,00.14,00.14,00.14,00.14,00.13,00.13,00.13,00.13,00.13,00.13,00.12,00.12,00.12,00.12,00.11,00.11,00.11,00.10,00.10,00.10,00.09,00.09,00.09,00.08,00.08,00.08,00.08,00.07,00.07,00.07,00.06,00.06,00.06,00.06,00.05,00.05,00.05,00.05,00.04,00.04,00.04,00.04,00.04,00.04,00.03,00.03,00.03,00.03,00.03,00.03,00.03,00.03,00.03,00.03,00.03,00.03,00.03,00.03
,0.067823852,00.07,00.08,00.08,00.09,00.09,00.10,00.10,00.10,00.11,00.11,00.11,00.12,00.12,00.12,00.12,00.12,00.12,00.12,00.12,00.12,00.12,00.12,00.12,00.12,00.12,00.12,00.12,00.11,00.11,00.11,00.11,00.10,00.10,00.10,00.10,00.09,00.09,00.09,00.08,00.08,00.08,00.08,00.07,00.07,00.07,00.06,00.06,00.06,00.06,00.05,00.05,00.05,00.05,00.04,00.04,00.04,00.04,00.04,00.04,00.03,00.03,00.03,00.03,00.03,00.03,00.03,00.03,00.03,00.03,00.02,00.02,00.02,00.02,00.02,00.02
,0.063119693,00.07,00.07,00.08,00.08,00.08,00.09,00.09,00.10,00.10,00.10,00.10,00.11,00.11,00.11,00.11,00.11,00.11,00.11,00.11,00.11,00.11,00.11,00.11,00.11,00.11,00.11,00.11,00.10,00.10,00.10,00.10,00.10,00.09,00.09,00.09,00.09,00.08,00.08,00.08,00.07,00.07,00.07,00.07,00.06,00.06,00.06,00.06,00.05,00.05,00.05,00.05,00.05,00.04,00.04,00.04,00.04,00.04,00.03,00.03,00.03,00.03,00.03,00.03,00.03,00.03,00.03,00.03,00.02,00.02,00.02,00.02,00.02,00.02,00.02,00.02
,0.059021285,00.06,00.07,00.07,00.07,00.08,00.08,00.08,00.09,00.09,00.09,00.10,00.10,00.10,00.10,00.10,00.10,00.10,00.10,00.10,00.10,00.10,00.10,00.10,00.10,00.10,00.10,00.10,00.10,00.09,00.09,00.09,00.09,00.09,00.08,00.08,00.08,00.08,00.07,00.07,00.07,00.07,00.06,00.06,00.06,00.06,00.05,00.05,00.05,00.05,00.05,00.04,00.04,00.04,00.04,00.04,00.04,00.03,00.03,00.03,00.03,00.03,00.03,00.03,00.03,00.02,00.02,00.02,00.02,00.02,00.02,00.02,00.02,00.02,00.02,00.02
,0.055480644,00.06,00.06,00.07,00.07,00.07,00.08,00.08,00.08,00.08,00.09,00.09,00.09,00.09,00.09,00.09,00.09,00.10,00.10,00.10,00.10,00.10,00.10,00.09,00.09,00.09,00.09,00.09,00.09,00.09,00.09,00.08,00.08,00.08,00.08,00.08,00.07,00.07,00.07,00.07,00.06,00.06,00.06,00.06,00.06,00.05,00.05,00.05,00.05,00.05,00.04,00.04,00.04,00.04,00.04,00.03,00.03,00.03,00.03,00.03,00.03,00.03,00.03,00.03,00.02,00.02,00.02,00.02,00.02,00.02,00.02,00.02,00.02,00.02,00.02,00.02
,0.052453403,00.06,00.06,00.06,00.06,00.07,00.07,00.07,00.07,00.08,00.08,00.08,00.08,00.08,00.09,00.09,00.09,00.09,00.09,00.09,00.09,00.09,00.09,00.09,00.09,00.09,00.08,00.08,00.08,00.08,00.08,00.08,00.08,00.07,00.07,00.07,00.07,00.07,00.06,00.06,00.06,00.06,00.06,00.05,00.05,00.05,00.05,00.05,00.04,00.04,00.04,00.04,00.04,00.04,00.03,00.03,00.03,00.03,00.03,00.03,00.03,00.03,00.02,00.02,00.02,00.02,00.02,00.02,00.02,00.02,00.02,00.02,00.02,00.02,00.02,00.02
,0.049898369,00.05,00.06,00.06,00.06,00.06,00.06,00.07,00.07,00.07,00.07,00.07,00.08,00.08,00.08,00.08,00.08,00.08,00.08,00.08,00.08,00.08,00.08,00.08,00.08,00.08,00.08,00.08,00.08,00.07,00.07,00.07,00.07,00.07,00.07,00.06,00.06,00.06,00.06,00.06,00.06,00.05,00.05,00.05,00.05,00.05,00.04,00.04,00.04,00.04,00.04,00.04,00.03,00.03,00.03,00.03,00.03,00.03,00.03,00.03,00.03,00.02,00.02,00.02,00.02,00.02,00.02,00.02,00.02,00.02,00.02,00.02,00.02,00.02,00.02,00.02
,0.047777073,00.05,00.05,00.05,00.06,00.06,00.06,00.06,00.06,00.07,00.07,00.07,00.07,00.07,00.07,00.07,00.07,00.08,00.08,00.08,00.08,00.08,00.08,00.08,00.07,00.07,00.07,00.07,00.07,00.07,00.07,00.07,00.07,00.06,00.06,00.06,00.06,00.06,00.06,00.05,00.05,00.05,00.05,00.05,00.05,00.04,00.04,00.04,00.04,00.04,00.04,00.03,00.03,00.03,00.03,00.03,00.03,00.03,00.03,00.02,00.02,00.02,00.02,00.02,00.02,00.02,00.02,00.02,00.02,00.02,00.02,00.02,00.02,00.02,00.02,00.02
,0.046053285,00.05,00.05,00.05,00.05,00.06,00.06,00.06,00.06,00.06,00.06,00.07,00.07,00.07,00.07,00.07,00.07,00.07,00.07,00.07,00.07,00.07,00.07,00.07,00.07,00.07,00.07,00.07,00.07,00.07,00.06,00.06,00.06,00.06,00.06,00.06,00.06,00.05,00.05,00.05,00.05,00.05,00.05,00.04,00.04,00.04,00.04,00.04,00.04,00.04,00.03,00.03,00.03,00.03,00.03,00.03,00.03,00.03,00.02,00.02,00.02,00.02,00.02,00.02,00.02,00.02,00.02,00.02,00.02,00.02,00.02,00.02,00.02,00.02,00.02,00.02
,0.044692492,00.05,00.05,00.05,00.05,00.05,00.05,00.06,00.06,00.06,00.06,00.06,00.06,00.06,00.06,00.06,00.07,00.07,00.07,00.07,00.07,00.07,00.07,00.07,00.07,00.06,00.06,00.06,00.06,00.06,00.06,00.06,00.06,00.06,00.06,00.05,00.05,00.05,00.05,00.05,00.05,00.04,00.04,00.04,00.04,00.04,00.04,00.04,00.03,00.03,00.03,00.03,00.03,00.03,00.03,00.03,00.03,00.02,00.02,00.02,00.02,00.02,00.02,00.02,00.02,00.02,00.02,00.02,00.02,00.02,00.02,00.02,00.02,00.02,00.02,00.02
,0.043661276,00.04,00.05,00.05,00.05,00.05,00.05,00.05,00.05,00.06,00.06,00.06,00.06,00.06,00.06,00.06,00.06,00.06,00.06,00.06,00.06,00.06,00.06,00.06,00.06,00.06,00.06,00.06,00.06,00.06,00.06,00.06,00.05,00.05,00.05,00.05,00.05,00.05,00.05,00.05,00.04,00.04,00.04,00.04,00.04,00.04,00.04,00.03,00.03,00.03,00.03,00.03,00.03,00.03,00.03,00.03,00.02,00.02,00.02,00.02,00.02,00.02,00.02,00.02,00.02,00.02,00.02,00.02,00.02,00.02,00.02,00.02,00.02,00.02,00.02,00.02
,0.042926542,00.04,00.04,00.05,00.05,00.05,00.05,00.05,00.05,00.05,00.05,00.06,00.06,00.06,00.06,00.06,00.06,00.06,00.06,00.06,00.06,00.06,00.06,00.06,00.06,00.06,00.06,00.06,00.06,00.06,00.05,00.05,00.05,00.05,00.05,00.05,00.05,00.05,00.04,00.04,00.04,00.04,00.04,00.04,00.04,00.04,00.03,00.03,00.03,00.03,00.03,00.03,00.03,00.03,00.03,00.02,00.02,00.02,00.02,00.02,00.02,00.02,00.02,00.02,00.02,00.02,00.02,00.02,00.02,00.02,00.02,00.02,00.02,00.02,00.02,00.02
,0.042454398,00.04,00.04,00.04,00.05,00.05,00.05,00.05,00.05,00.05,00.05,00.05,00.05,00.06,00.06,00.06,00.06,00.06,00.06,00.06,00.06,00.06,00.06,00.06,00.06,00.06,00.06,00.06,00.05,00.05,00.05,00.05,00.05,00.05,00.05,00.05,00.05,00.04,00.04,00.04,00.04,00.04,00.04,00.04,00.04,00.03,00.03,00.03,00.03,00.03,00.03,00.03,00.03,00.03,00.02,00.02,00.02,00.02,00.02,00.02,00.02,00.02,00.02,00.02,00.02,00.02,00.02,00.02,00.02,00.02,00.02,00.02,00.01,00.01,00.01,00.01
,0.042208203,00.04,00.04,00.04,00.05,00.05,00.05,00.05,00.05,00.05,00.05,00.05,00.05,00.05,00.05,00.05,00.06,00.06,00.06,00.06,00.06,00.06,00.06,00.06,00.06,00.05,00.05,00.05,00.05,00.05,00.05,00.05,00.05,00.05,00.05,00.05,00.04,00.04,00.04,00.04,00.04,00.04,00.04,00.04,00.03,00.03,00.03,00.03,00.03,00.03,00.03,00.03,00.03,00.02,00.02,00.02,00.02,00.02,00.02,00.02,00.02,00.02,00.02,00.02,00.02,00.02,00.02,00.02,00.02,00.02,00.01,00.01,00.01,00.01,00.01,00.01
,0.042143848,00.04,00.04,00.04,00.04,00.05,00.05,00.05,00.05,00.05,00.05,00.05,00.05,00.05,00.05,00.05,00.05,00.05,00.06,00.06,00.06,00.06,00.06,00.05,00.05,00.05,00.05,00.05,00.05,00.05,00.05,00.05,00.05,00.05,00.05,00.05,00.04,00.04,00.04,00.04,00.04,00.04,00.04,00.04,00.03,00.03,00.03,00.03,00.03,00.03,00.03,00.03,00.03,00.02,00.02,00.02,00.02,00.02,00.02,00.02,00.02,00.02,00.02,00.02,00.02,00.02,00.02,00.02,00.02,00.02,00.01,00.01,00.01,00.01,00.01,00.01
,0.042193537,00.04,00.04,00.04,00.04,00.05,00.05,00.05,00.05,00.05,00.05,00.05,00.05,00.05,00.05,00.05,00.05,00.05,00.05,00.05,00.05,00.05,00.05,00.05,00.05,00.05,00.05,00.05,00.05,00.05,00.05,00.05,00.05,00.05,00.05,00.05,00.04,00.04,00.04,00.04,00.04,00.04,00.04,00.04,00.03,00.03,00.03,00.03,00.03,00.03,00.03,00.03,00.03,00.02,00.02,00.02,00.02,00.02,00.02,00.02,00.02,00.02,00.02,00.02,00.02,00.02,00.02,00.02,00.02,00.02,00.01,00.01,00.01,00.01,00.01,0.014458041